Workbook

Sheet Requisições FY26
A1: CONTROLE DE REQUISIÇÕES
H2: =IF(Table1[[#This Row],[PEDIDO]]<>"",_xlfn.XLOOKUP(Table1[[#This Row],[PEDIDO]],'[1]BASE DE VIM''s-NF''s'!I:I,'[1]BASE DE VIM''s-NF''s'!F:F,"-"),"-") -> #VALUE! | I2: =_xlfn.XLOOKUP(Table1[[#This Row],[VIM]],'[1]BASE DE VIM''s-NF''s'!F:F,'[1]BASE DE VIM''s-NF''s'!A:A,"") -> #VALUE! | J2: =_xlfn.XLOOKUP(Table1[[#This Row],[VIM]],'[1]BASE DE VIM''s-NF''s'!F:F,'[1]BASE DE VIM''s-NF''s'!L:L,"") -> #VALUE! | K2: =_xlfn.XLOOKUP(Table1[[#This Row],[VIM]],'[1]BASE DE VIM''s-NF''s'!F:F,'[1]BASE DE VIM''s-NF''s'!G:G,"") -> #VALUE! | M2: cancelado
A3: Coluna1 | B3: SOLICITANTE | C3: MODELO | D3: DESCRIÇÃO | E3: APROVADOR | F3: REQUISIÇÃO | G3: PEDIDO | H3: VIM | I3: STATUS VIM | J3: NOTA FISCAL | K3: FORNECEDOR | L3: DESPESA | M3: STATUS
A4: 45874 | B4: Erick | C4: Material | D4: Soquetes GEDORE | E4: Marco Stella | F4: 1076162433 | G4: 4501705723 | H4: =IF(Table1[[#This Row],[PEDIDO]]<>"",_xlfn.XLOOKUP(Table1[[#This Row],[PEDIDO]],'[1]BASE DE VIM''s-NF''s'!I:I,'[1]BASE DE VIM''s-NF''s'!F:F,"-"),"-") -> 2905857 | I4: =_xlfn.XLOOKUP(Table1[[#This Row],[VIM]],'[1]BASE DE VIM''s-NF''s'!F:F,'[1]BASE DE VIM''s-NF''s'!A:A,"") -> Lançado | J4: =_xlfn.XLOOKUP(Table1[[#This Row],[VIM]],'[1]BASE DE VIM''s-NF''s'!F:F,'[1]BASE DE VIM''s-NF''s'!L:L,"") -> 001438653-3 | K4: =_xlfn.XLOOKUP(Table1[[#This Row],[VIM]],'[1]BASE DE VIM''s-NF''s'!F:F,'[1]BASE DE VIM''s-NF''s'!G:G,"") -> ANHANGUERA COMERCIO DE | L4: =_xlfn.XLOOKUP(Table1[[#This Row],[PEDIDO]],'[1]BASE DE VIM''s-NF''s'!I:I,'[1]BASE DE VIM''s-NF''s'!R:R,"") -> 549.90 | M4: FINALIZADO
A5: 45874 | B5: Rafael | C5: Serviço | D5: Bate Rodas | E5: Marco Stella | F5: 1076202798 | G5: 4501706549 | H5: =IF(Table1[[#This Row],[PEDIDO]]<>"",_xlfn.XLOOKUP(Table1[[#This Row],[PEDIDO]],'[1]BASE DE VIM''s-NF''s'!I:I,'[1]BASE DE VIM''s-NF''s'!F:F,"-"),"-") -> 2925735 | I5: =_xlfn.XLOOKUP(Table1[[#This Row],[VIM]],'[1]BASE DE VIM''s-NF''s'!F:F,'[1]BASE DE VIM''s-NF''s'!A:A,"") -> Lançado | J5: =_xlfn.XLOOKUP(Table1[[#This Row],[VIM]],'[1]BASE DE VIM''s-NF''s'!F:F,'[1]BASE DE VIM''s-NF''s'!L:L,"") -> 000000689-9 | K5: =_xlfn.XLOOKUP(Table1[[#This Row],[VIM]],'[1]BASE DE VIM''s-NF''s'!F:F,'[1]BASE DE VIM''s-NF''s'!G:G,"") -> ESTRUTURAS E EQUIPAMENTOS | L5: =_xlfn.XLOOKUP(Table1[[#This Row],[PEDIDO]],'[1]BASE DE VIM''s-NF''s'!I:I,'[1]BASE DE VIM''s-NF''s'!R:R,"") -> 1,800.00 | M5: FINALIZADO
A6: 45881 | B6: Amanda | C6: Material | D6: Materiais Papel e Pintura | E6: Marco Stella | F6: 1076285290 | G6: 4501706360 | H6: =IF(Table1[[#This Row],[PEDIDO]]<>"",_xlfn.XLOOKUP(Table1[[#This Row],[PEDIDO]],'[1]BASE DE VIM''s-NF''s'!I:I,'[1]BASE DE VIM''s-NF''s'!F:F,"-"),"-") -> 2928122 | I6: =_xlfn.XLOOKUP(Table1[[#This Row],[VIM]],'[1]BASE DE VIM''s-NF''s'!F:F,'[1]BASE DE VIM''s-NF''s'!A:A,"") -> Lançado | J6: =_xlfn.XLOOKUP(Table1[[#This Row],[VIM]],'[1]BASE DE VIM''s-NF''s'!F:F,'[1]BASE DE VIM''s-NF''s'!L:L,"") -> 000126316-1 | K6: =_xlfn.XLOOKUP(Table1[[#This Row],[VIM]],'[1]BASE DE VIM''s-NF''s'!F:F,'[1]BASE DE VIM''s-NF''s'!G:G,"") -> TIAGO DE BROI EIRELI EPP. | L6: =_xlfn.XLOOKUP(Table1[[#This Row],[PEDIDO]],'[1]BASE DE VIM''s-NF''s'!I:I,'[1]BASE DE VIM''s-NF''s'!R:R,"") -> 1,271.68 | M6: FINALIZADO
A7: 45881 | B7: Erick | C7: Material | D7: Bujão em SAE 4340 | E7: Marco Stella | F7: 1076285378 | G7: 4501706362 | H7: =IF(Table1[[#This Row],[PEDIDO]]<>"",_xlfn.XLOOKUP(Table1[[#This Row],[PEDIDO]],'[1]BASE DE VIM''s-NF''s'!I:I,'[1]BASE DE VIM''s-NF''s'!F:F,"-"),"-") -> 2928500 | I7: =_xlfn.XLOOKUP(Table1[[#This Row],[VIM]],'[1]BASE DE VIM''s-NF''s'!F:F,'[1]BASE DE VIM''s-NF''s'!A:A,"") -> Lançado | J7: =_xlfn.XLOOKUP(Table1[[#This Row],[VIM]],'[1]BASE DE VIM''s-NF''s'!F:F,'[1]BASE DE VIM''s-NF''s'!L:L,"") -> 000003214-1 | K7: =_xlfn.XLOOKUP(Table1[[#This Row],[VIM]],'[1]BASE DE VIM''s-NF''s'!F:F,'[1]BASE DE VIM''s-NF''s'!G:G,"") -> ZAP USINAGEM E CALDEIRARIA | L7: =_xlfn.XLOOKUP(Table1[[#This Row],[PEDIDO]],'[1]BASE DE VIM''s-NF''s'!I:I,'[1]BASE DE VIM''s-NF''s'!R:R,"") -> 653.29 | M7: FINALIZADO
A8: 45881 | B8: Erick | C8: Material | D8: Luva espaçadora impregnação | E8: Marco Stella | F8: 1076285394 | G8: 4501706365 | H8: =IF(Table1[[#This Row],[PEDIDO]]<>"",_xlfn.XLOOKUP(Table1[[#This Row],[PEDIDO]],'[1]BASE DE VIM''s-NF''s'!I:I,'[1]BASE DE VIM''s-NF''s'!F:F,"-"),"-") -> 2928499 | I8: =_xlfn.XLOOKUP(Table1[[#This Row],[VIM]],'[1]BASE DE VIM''s-NF''s'!F:F,'[1]BASE DE VIM''s-NF''s'!A:A,"") -> Lançado | J8: =_xlfn.XLOOKUP(Table1[[#This Row],[VIM]],'[1]BASE DE VIM''s-NF''s'!F:F,'[1]BASE DE VIM''s-NF''s'!L:L,"") -> 000003215-1 | K8: =_xlfn.XLOOKUP(Table1[[#This Row],[VIM]],'[1]BASE DE VIM''s-NF''s'!F:F,'[1]BASE DE VIM''s-NF''s'!G:G,"") -> ZAP USINAGEM E CALDEIRARIA | L8: =_xlfn.XLOOKUP(Table1[[#This Row],[PEDIDO]],'[1]BASE DE VIM''s-NF''s'!I:I,'[1]BASE DE VIM''s-NF''s'!R:R,"") -> 2,298.62 | M8: FINALIZADO
A9: 45888 | B9: Amanda | C9: Material | D9: Adaptador T | E9: Marco Stella | F9: 1076351664 | G9: 4501706868 | H9: =IF(Table1[[#This Row],[PEDIDO]]<>"",_xlfn.XLOOKUP(Table1[[#This Row],[PEDIDO]],'[1]BASE DE VIM''s-NF''s'!I:I,'[1]BASE DE VIM''s-NF''s'!F:F,"-"),"-") -> 2912973 | I9: =_xlfn.XLOOKUP(Table1[[#This Row],[VIM]],'[1]BASE DE VIM''s-NF''s'!F:F,'[1]BASE DE VIM''s-NF''s'!A:A,"") -> Lançado | J9: =_xlfn.XLOOKUP(Table1[[#This Row],[VIM]],'[1]BASE DE VIM''s-NF''s'!F:F,'[1]BASE DE VIM''s-NF''s'!L:L,"") -> 000123643-1 | K9: =_xlfn.XLOOKUP(Table1[[#This Row],[VIM]],'[1]BASE DE VIM''s-NF''s'!F:F,'[1]BASE DE VIM''s-NF''s'!G:G,"") -> TIAGO DE BROI EIRELI EPP. | L9: =_xlfn.XLOOKUP(Table1[[#This Row],[PEDIDO]],'[1]BASE DE VIM''s-NF''s'!I:I,'[1]BASE DE VIM''s-NF''s'!R:R,"") -> 648.30 | M9: FINALIZADO
A10: 45888 | B10: Amanda | C10: Material | D10: BOTIJAO AREZZO e materias | E10: Marco Stella | F10: 1076351666 | G10: 4501706869 | H10: =IF(Table1[[#This Row],[PEDIDO]]<>"",_xlfn.XLOOKUP(Table1[[#This Row],[PEDIDO]],'[1]BASE DE VIM''s-NF''s'!I:I,'[1]BASE DE VIM''s-NF''s'!F:F,"-"),"-") -> 2913952 | I10: =_xlfn.XLOOKUP(Table1[[#This Row],[VIM]],'[1]BASE DE VIM''s-NF''s'!F:F,'[1]BASE DE VIM''s-NF''s'!A:A,"") -> Lançado | J10: =_xlfn.XLOOKUP(Table1[[#This Row],[VIM]],'[1]BASE DE VIM''s-NF''s'!F:F,'[1]BASE DE VIM''s-NF''s'!L:L,"") -> 000123798-1 | K10: =_xlfn.XLOOKUP(Table1[[#This Row],[VIM]],'[1]BASE DE VIM''s-NF''s'!F:F,'[1]BASE DE VIM''s-NF''s'!G:G,"") -> TIAGO DE BROI EIRELI EPP. | L10: =_xlfn.XLOOKUP(Table1[[#This Row],[PEDIDO]],'[1]BASE DE VIM''s-NF''s'!I:I,'[1]BASE DE VIM''s-NF''s'!R:R,"") -> 1,320.95 | M10: FINALIZADO
A11: 45888 | B11: Erick | C11: Material | D11: CONDUITE DO CABO SOLDA | E11: Marco Stella | F11: 1076351698 | G11: 4501706875 | H11: =IF(Table1[[#This Row],[PEDIDO]]<>"",_xlfn.XLOOKUP(Table1[[#This Row],[PEDIDO]],'[1]BASE DE VIM''s-NF''s'!I:I,'[1]BASE DE VIM''s-NF''s'!F:F,"-"),"-") -> 2910776 | I11: =_xlfn.XLOOKUP(Table1[[#This Row],[VIM]],'[1]BASE DE VIM''s-NF''s'!F:F,'[1]BASE DE VIM''s-NF''s'!A:A,"") -> Lançado | J11: =_xlfn.XLOOKUP(Table1[[#This Row],[VIM]],'[1]BASE DE VIM''s-NF''s'!F:F,'[1]BASE DE VIM''s-NF''s'!L:L,"") -> 000077661-1 | K11: =_xlfn.XLOOKUP(Table1[[#This Row],[VIM]],'[1]BASE DE VIM''s-NF''s'!F:F,'[1]BASE DE VIM''s-NF''s'!G:G,"") -> ENERGYARC INDUSTRIAL LTDA. | L11: =_xlfn.XLOOKUP(Table1[[#This Row],[PEDIDO]],'[1]BASE DE VIM''s-NF''s'!I:I,'[1]BASE DE VIM''s-NF''s'!R:R,"") -> 2,350.00 | M11: FINALIZADO
A12: 45890 | B12: Erick | C12: Material | D12: CA131130 - Bucha Guia de Bronze | E12: Marco Stella | F12: 1076385710 | G12: 4501707459 | H12: =IF(Table1[[#This Row],[PEDIDO]]<>"",_xlfn.XLOOKUP(Table1[[#This Row],[PEDIDO]],'[1]BASE DE VIM''s-NF''s'!I:I,'[1]BASE DE VIM''s-NF''s'!F:F,"-"),"-") -> 2916741 | I12: =_xlfn.XLOOKUP(Table1[[#This Row],[VIM]],'[1]BASE DE VIM''s-NF''s'!F:F,'[1]BASE DE VIM''s-NF''s'!A:A,"") -> Lançado | J12: =_xlfn.XLOOKUP(Table1[[#This Row],[VIM]],'[1]BASE DE VIM''s-NF''s'!F:F,'[1]BASE DE VIM''s-NF''s'!L:L,"") -> 000000891-1 | K12: =_xlfn.XLOOKUP(Table1[[#This Row],[VIM]],'[1]BASE DE VIM''s-NF''s'!F:F,'[1]BASE DE VIM''s-NF''s'!G:G,"") -> MB - COMERCIO E PRESTACAO DE SERVIC | L12: =_xlfn.XLOOKUP(Table1[[#This Row],[PEDIDO]],'[1]BASE DE VIM''s-NF''s'!I:I,'[1]BASE DE VIM''s-NF''s'!R:R,"") -> 1,425.60 | M12: FINALIZADO
A13: 45896 | B13: Erick | C13: Material | D13: CA131275 - Trava para capacitores REV02 | E13: Marco Stella | F13: 1076455040 | G13: 4501707908 | H13: =IF(Table1[[#This Row],[PEDIDO]]<>"",_xlfn.XLOOKUP(Table1[[#This Row],[PEDIDO]],'[1]BASE DE VIM''s-NF''s'!I:I,'[1]BASE DE VIM''s-NF''s'!F:F,"-"),"-") -> 2926678 | I13: =_xlfn.XLOOKUP(Table1[[#This Row],[VIM]],'[1]BASE DE VIM''s-NF''s'!F:F,'[1]BASE DE VIM''s-NF''s'!A:A,"") -> Lançado | J13: =_xlfn.XLOOKUP(Table1[[#This Row],[VIM]],'[1]BASE DE VIM''s-NF''s'!F:F,'[1]BASE DE VIM''s-NF''s'!L:L,"") -> 000006918-1 | K13: =_xlfn.XLOOKUP(Table1[[#This Row],[VIM]],'[1]BASE DE VIM''s-NF''s'!F:F,'[1]BASE DE VIM''s-NF''s'!G:G,"") -> MOTA - USINAGEM E | L13: =_xlfn.XLOOKUP(Table1[[#This Row],[PEDIDO]],'[1]BASE DE VIM''s-NF''s'!I:I,'[1]BASE DE VIM''s-NF''s'!R:R,"") -> 21,965.00 | M13: FINALIZADO
A14: 45896 | B14: Erick | C14: Serviço | D14: Serviço de remoção, carregamento, transporte interno | E14: Marco Stella | F14: 1076455045 | G14: 4501707839 | H14: =IF(Table1[[#This Row],[PEDIDO]]<>"",_xlfn.XLOOKUP(Table1[[#This Row],[PEDIDO]],'[1]BASE DE VIM''s-NF''s'!I:I,'[1]BASE DE VIM''s-NF''s'!F:F,"-"),"-") -> 2920168 | I14: =_xlfn.XLOOKUP(Table1[[#This Row],[VIM]],'[1]BASE DE VIM''s-NF''s'!F:F,'[1]BASE DE VIM''s-NF''s'!A:A,"") -> Lançado | J14: =_xlfn.XLOOKUP(Table1[[#This Row],[VIM]],'[1]BASE DE VIM''s-NF''s'!F:F,'[1]BASE DE VIM''s-NF''s'!L:L,"") -> 000004793-9 | K14: =_xlfn.XLOOKUP(Table1[[#This Row],[VIM]],'[1]BASE DE VIM''s-NF''s'!F:F,'[1]BASE DE VIM''s-NF''s'!G:G,"") -> TRANSPORTADORA GALIEGO LTDA. EPP. | L14: =_xlfn.XLOOKUP(Table1[[#This Row],[PEDIDO]],'[1]BASE DE VIM''s-NF''s'!I:I,'[1]BASE DE VIM''s-NF''s'!R:R,"") -> 20,150.00 | M14: FINALIZADO
A15: 45897 | B15: Erick | C15: OI | D15: TRANSPALETE 2500KG (Paleteiras) | E15: Marco Stella | F15: 1076499222 | G15: 4501708373 | H15: =IF(Table1[[#This Row],[PEDIDO]]<>"",_xlfn.XLOOKUP(Table1[[#This Row],[PEDIDO]],'[1]BASE DE VIM''s-NF''s'!I:I,'[1]BASE DE VIM''s-NF''s'!F:F,"-"),"-") -> 2922134 | I15: =_xlfn.XLOOKUP(Table1[[#This Row],[VIM]],'[1]BASE DE VIM''s-NF''s'!F:F,'[1]BASE DE VIM''s-NF''s'!A:A,"") -> Lançado | J15: =_xlfn.XLOOKUP(Table1[[#This Row],[VIM]],'[1]BASE DE VIM''s-NF''s'!F:F,'[1]BASE DE VIM''s-NF''s'!L:L,"") -> 001464300-3 | K15: =_xlfn.XLOOKUP(Table1[[#This Row],[VIM]],'[1]BASE DE VIM''s-NF''s'!F:F,'[1]BASE DE VIM''s-NF''s'!G:G,"") -> ANHANGUERA COMERCIO DE | L15: =_xlfn.XLOOKUP(Table1[[#This Row],[PEDIDO]],'[1]BASE DE VIM''s-NF''s'!I:I,'[1]BASE DE VIM''s-NF''s'!R:R,"") -> 12,990.00 | M15: FINALIZADO
A16: 45897 | B16: Erick | C16: OI | D16: Suporte carros de PP 012460; 012461 | E16: Marco Stella | F16: 1076499234 | G16: 4501708371 | H16: =IF(Table1[[#This Row],[PEDIDO]]<>"",_xlfn.XLOOKUP(Table1[[#This Row],[PEDIDO]],'[1]BASE DE VIM''s-NF''s'!I:I,'[1]BASE DE VIM''s-NF''s'!F:F,"-"),"-") -> 2951599 | I16: =_xlfn.XLOOKUP(Table1[[#This Row],[VIM]],'[1]BASE DE VIM''s-NF''s'!F:F,'[1]BASE DE VIM''s-NF''s'!A:A,"") -> Lançado | J16: =_xlfn.XLOOKUP(Table1[[#This Row],[VIM]],'[1]BASE DE VIM''s-NF''s'!F:F,'[1]BASE DE VIM''s-NF''s'!L:L,"") -> 000000365-9 | K16: =_xlfn.XLOOKUP(Table1[[#This Row],[VIM]],'[1]BASE DE VIM''s-NF''s'!F:F,'[1]BASE DE VIM''s-NF''s'!G:G,"") -> USINAGEM PAULISTA LTDA. | L16: =_xlfn.XLOOKUP(Table1[[#This Row],[PEDIDO]],'[1]BASE DE VIM''s-NF''s'!I:I,'[1]BASE DE VIM''s-NF''s'!R:R,"") -> 11,600.00 | M16: FINALIZADO
A17: 45897 | B17: Erick | C17: OI | D17: Adequação NR12 Ensaio BT 012632 | E17: Marco Stella | F17: 1076499309 | G17: 4501708628 | H17: =IF(Table1[[#This Row],[PEDIDO]]<>"",_xlfn.XLOOKUP(Table1[[#This Row],[PEDIDO]],'[1]BASE DE VIM''s-NF''s'!I:I,'[1]BASE DE VIM''s-NF''s'!F:F,"-"),"-") -> 2993920 | J17: =_xlfn.XLOOKUP(Table1[[#This Row],[VIM]],'[1]BASE DE VIM''s-NF''s'!F:F,'[1]BASE DE VIM''s-NF''s'!L:L,"") -> 000010140-1 | K17: =_xlfn.XLOOKUP(Table1[[#This Row],[VIM]],'[1]BASE DE VIM''s-NF''s'!F:F,'[1]BASE DE VIM''s-NF''s'!G:G,"") -> AUTOMASAFETY CONSULTORIA IND. E | L17: =_xlfn.XLOOKUP(Table1[[#This Row],[PEDIDO]],'[1]BASE DE VIM''s-NF''s'!I:I,'[1]BASE DE VIM''s-NF''s'!R:R,"") -> 132,011.20 | M17: FINALIZADO
A18: 45897 | B18: Erick | C18: OI | D18: NR12 Estufa Heat Soaking 03 012096 | E18: Marco Stella | F18: 1076499220 | G18: 4501708729 | H18: =IF(Table1[[#This Row],[PEDIDO]]<>"",_xlfn.XLOOKUP(Table1[[#This Row],[PEDIDO]],'[1]BASE DE VIM''s-NF''s'!I:I,'[1]BASE DE VIM''s-NF''s'!F:F,"-"),"-") -> 2966026 | I18: =_xlfn.XLOOKUP(Table1[[#This Row],[VIM]],'[1]BASE DE VIM''s-NF''s'!F:F,'[1]BASE DE VIM''s-NF''s'!A:A,"") -> Lançado | J18: =_xlfn.XLOOKUP(Table1[[#This Row],[VIM]],'[1]BASE DE VIM''s-NF''s'!F:F,'[1]BASE DE VIM''s-NF''s'!L:L,"") -> 000001083-9 | K18: =_xlfn.XLOOKUP(Table1[[#This Row],[VIM]],'[1]BASE DE VIM''s-NF''s'!F:F,'[1]BASE DE VIM''s-NF''s'!G:G,"") -> AUTOMASAFETY CONSULTORIA IND. E | L18: =_xlfn.XLOOKUP(Table1[[#This Row],[PEDIDO]],'[1]BASE DE VIM''s-NF''s'!I:I,'[1]BASE DE VIM''s-NF''s'!R:R,"") -> 17,430.70 | M18: FINALIZADO
A19: 45897 | B19: Erick | C19: OI | D19: Carro inox com prateleiras | E19: Marco Stella | F19: 1076499227 | G19: 4501708373 | H19: =IF(Table1[[#This Row],[PEDIDO]]<>"",_xlfn.XLOOKUP(Table1[[#This Row],[PEDIDO]],'[1]BASE DE VIM''s-NF''s'!I:I,'[1]BASE DE VIM''s-NF''s'!F:F,"-"),"-") -> 2922134 | I19: =_xlfn.XLOOKUP(Table1[[#This Row],[VIM]],'[1]BASE DE VIM''s-NF''s'!F:F,'[1]BASE DE VIM''s-NF''s'!A:A,"") -> Lançado | J19: =_xlfn.XLOOKUP(Table1[[#This Row],[VIM]],'[1]BASE DE VIM''s-NF''s'!F:F,'[1]BASE DE VIM''s-NF''s'!L:L,"") -> 001464300-3 | K19: =_xlfn.XLOOKUP(Table1[[#This Row],[VIM]],'[1]BASE DE VIM''s-NF''s'!F:F,'[1]BASE DE VIM''s-NF''s'!G:G,"") -> ANHANGUERA COMERCIO DE | L19: =_xlfn.XLOOKUP(Table1[[#This Row],[PEDIDO]],'[1]BASE DE VIM''s-NF''s'!I:I,'[1]BASE DE VIM''s-NF''s'!R:R,"") -> 12,990.00 | M19: FINALIZADO
A20: 45897 | B20: Erick | C20: OI | D20: Carro tanque pintura | E20: Marco Stella | F20: 1076499224 | G20: 4501708379 | H20: =IF(Table1[[#This Row],[PEDIDO]]<>"",_xlfn.XLOOKUP(Table1[[#This Row],[PEDIDO]],'[1]BASE DE VIM''s-NF''s'!I:I,'[1]BASE DE VIM''s-NF''s'!F:F,"-"),"-") -> 2962330 | I20: =_xlfn.XLOOKUP(Table1[[#This Row],[VIM]],'[1]BASE DE VIM''s-NF''s'!F:F,'[1]BASE DE VIM''s-NF''s'!A:A,"") -> Lançado | J20: =_xlfn.XLOOKUP(Table1[[#This Row],[VIM]],'[1]BASE DE VIM''s-NF''s'!F:F,'[1]BASE DE VIM''s-NF''s'!L:L,"") -> 000001173-1 | K20: =_xlfn.XLOOKUP(Table1[[#This Row],[VIM]],'[1]BASE DE VIM''s-NF''s'!F:F,'[1]BASE DE VIM''s-NF''s'!G:G,"") -> CONDUTA - E.R.C. SOLUCOES | L20: =_xlfn.XLOOKUP(Table1[[#This Row],[PEDIDO]],'[1]BASE DE VIM''s-NF''s'!I:I,'[1]BASE DE VIM''s-NF''s'!R:R,"") -> 11,400.00 | M20: FINALIZADO
A21: 45897 | B21: Erick | C21: OI | D21: Sistema de pintura Airless | E21: Marco Stella | F21: 1076530490 | G21: 4501708631 | H21: =IF(Table1[[#This Row],[PEDIDO]]<>"",_xlfn.XLOOKUP(Table1[[#This Row],[PEDIDO]],'[1]BASE DE VIM''s-NF''s'!I:I,'[1]BASE DE VIM''s-NF''s'!F:F,"-"),"-") -> 2947326 | J21: =_xlfn.XLOOKUP(Table1[[#This Row],[VIM]],'[1]BASE DE VIM''s-NF''s'!F:F,'[1]BASE DE VIM''s-NF''s'!L:L,"") -> 000018404-1 | K21: =_xlfn.XLOOKUP(Table1[[#This Row],[VIM]],'[1]BASE DE VIM''s-NF''s'!F:F,'[1]BASE DE VIM''s-NF''s'!G:G,"") -> FLOWSISTEM SOLUCOES | L21: =_xlfn.XLOOKUP(Table1[[#This Row],[PEDIDO]],'[1]BASE DE VIM''s-NF''s'!I:I,'[1]BASE DE VIM''s-NF''s'!R:R,"") -> 179,352.02
A22: 45897 | B22: Erick | C22: OI | D22: Mandíbula de cravação | E22: Marco Stella | F22: 1076499226 | G22: 4501708378 | H22: =IF(Table1[[#This Row],[PEDIDO]]<>"",_xlfn.XLOOKUP(Table1[[#This Row],[PEDIDO]],'[1]BASE DE VIM''s-NF''s'!I:I,'[1]BASE DE VIM''s-NF''s'!F:F,"-"),"-") -> 2921170 | I22: =_xlfn.XLOOKUP(Table1[[#This Row],[VIM]],'[1]BASE DE VIM''s-NF''s'!F:F,'[1]BASE DE VIM''s-NF''s'!A:A,"") -> Lançado | J22: =_xlfn.XLOOKUP(Table1[[#This Row],[VIM]],'[1]BASE DE VIM''s-NF''s'!F:F,'[1]BASE DE VIM''s-NF''s'!L:L,"") -> 000033924-1 | K22: =_xlfn.XLOOKUP(Table1[[#This Row],[VIM]],'[1]BASE DE VIM''s-NF''s'!F:F,'[1]BASE DE VIM''s-NF''s'!G:G,"") -> HILTI DO BRASIL COMERCIAL LTDA. | L22: =_xlfn.XLOOKUP(Table1[[#This Row],[PEDIDO]],'[1]BASE DE VIM''s-NF''s'!I:I,'[1]BASE DE VIM''s-NF''s'!R:R,"") -> 15,894.51 | M22: FINALIZADO
A23: 45897 | B23: Erick | C23: OI | D23: Capas de eixo | E23: Marco Stella | F23: 1076596908 | G23: 4501709214 | H23: =IF(Table1[[#This Row],[PEDIDO]]<>"",_xlfn.XLOOKUP(Table1[[#This Row],[PEDIDO]],'[1]BASE DE VIM''s-NF''s'!I:I,'[1]BASE DE VIM''s-NF''s'!F:F,"-"),"-") -> 2956948 | I23: =_xlfn.XLOOKUP(Table1[[#This Row],[VIM]],'[1]BASE DE VIM''s-NF''s'!F:F,'[1]BASE DE VIM''s-NF''s'!A:A,"") -> Lançado | J23: =_xlfn.XLOOKUP(Table1[[#This Row],[VIM]],'[1]BASE DE VIM''s-NF''s'!F:F,'[1]BASE DE VIM''s-NF''s'!L:L,"") -> 000007284-1 | K23: =_xlfn.XLOOKUP(Table1[[#This Row],[VIM]],'[1]BASE DE VIM''s-NF''s'!F:F,'[1]BASE DE VIM''s-NF''s'!G:G,"") -> ROVAMEC USINAGEM LTDA. EPP. | L23: =_xlfn.XLOOKUP(Table1[[#This Row],[PEDIDO]],'[1]BASE DE VIM''s-NF''s'!I:I,'[1]BASE DE VIM''s-NF''s'!R:R,"") -> 48,400.00 | M23: FINALIZADO
A24: 45901 | B24: Erick | C24: Material | D24: Materiais pintura e papel | E24: Marco Stella | F24: 1076530492 | G24: 4501708601 | H24: =IF(Table1[[#This Row],[PEDIDO]]<>"",_xlfn.XLOOKUP(Table1[[#This Row],[PEDIDO]],'[1]BASE DE VIM''s-NF''s'!I:I,'[1]BASE DE VIM''s-NF''s'!F:F,"-"),"-") -> 2917249 | I24: =_xlfn.XLOOKUP(Table1[[#This Row],[VIM]],'[1]BASE DE VIM''s-NF''s'!F:F,'[1]BASE DE VIM''s-NF''s'!A:A,"") -> Lançado | J24: =_xlfn.XLOOKUP(Table1[[#This Row],[VIM]],'[1]BASE DE VIM''s-NF''s'!F:F,'[1]BASE DE VIM''s-NF''s'!L:L,"") -> 000124468-1 | K24: =_xlfn.XLOOKUP(Table1[[#This Row],[VIM]],'[1]BASE DE VIM''s-NF''s'!F:F,'[1]BASE DE VIM''s-NF''s'!G:G,"") -> TIAGO DE BROI EIRELI EPP. | L24: =_xlfn.XLOOKUP(Table1[[#This Row],[PEDIDO]],'[1]BASE DE VIM''s-NF''s'!I:I,'[1]BASE DE VIM''s-NF''s'!R:R,"") -> 1,665.06 | M24: FINALIZADO
A25: 45903 | B25: Erick | C25: Material | D25: DISPOSITIVO FIXAÇÃO ROSCA M6 E M10 | E25: Marco Stella | F25: 1076574761 | G25: 4501708692 | H25: =IF(Table1[[#This Row],[PEDIDO]]<>"",_xlfn.XLOOKUP(Table1[[#This Row],[PEDIDO]],'[1]BASE DE VIM''s-NF''s'!I:I,'[1]BASE DE VIM''s-NF''s'!F:F,"-"),"-") -> 2917634 | I25: =_xlfn.XLOOKUP(Table1[[#This Row],[VIM]],'[1]BASE DE VIM''s-NF''s'!F:F,'[1]BASE DE VIM''s-NF''s'!A:A,"") -> Lançado | J25: =_xlfn.XLOOKUP(Table1[[#This Row],[VIM]],'[1]BASE DE VIM''s-NF''s'!F:F,'[1]BASE DE VIM''s-NF''s'!L:L,"") -> 000007167-1 | K25: =_xlfn.XLOOKUP(Table1[[#This Row],[VIM]],'[1]BASE DE VIM''s-NF''s'!F:F,'[1]BASE DE VIM''s-NF''s'!G:G,"") -> ROVAMEC USINAGEM LTDA. EPP. | L25: =_xlfn.XLOOKUP(Table1[[#This Row],[PEDIDO]],'[1]BASE DE VIM''s-NF''s'!I:I,'[1]BASE DE VIM''s-NF''s'!R:R,"") -> 420.00 | M25: FINALIZADO
A26: 45903 | B26: Erick | C26: Material | D26: ESCADA ALUMINIO ALULEV INDUSTRIAL Pintura | E26: Marco Stella | F26: 1076574775 | G26: 4501708871 | H26: =IF(Table1[[#This Row],[PEDIDO]]<>"",_xlfn.XLOOKUP(Table1[[#This Row],[PEDIDO]],'[1]BASE DE VIM''s-NF''s'!I:I,'[1]BASE DE VIM''s-NF''s'!F:F,"-"),"-") -> 2919812 | I26: =_xlfn.XLOOKUP(Table1[[#This Row],[VIM]],'[1]BASE DE VIM''s-NF''s'!F:F,'[1]BASE DE VIM''s-NF''s'!A:A,"") -> Lançado | J26: =_xlfn.XLOOKUP(Table1[[#This Row],[VIM]],'[1]BASE DE VIM''s-NF''s'!F:F,'[1]BASE DE VIM''s-NF''s'!L:L,"") -> 000124913-1 | K26: =_xlfn.XLOOKUP(Table1[[#This Row],[VIM]],'[1]BASE DE VIM''s-NF''s'!F:F,'[1]BASE DE VIM''s-NF''s'!G:G,"") -> TIAGO DE BROI EIRELI EPP. | L26: =_xlfn.XLOOKUP(Table1[[#This Row],[PEDIDO]],'[1]BASE DE VIM''s-NF''s'!I:I,'[1]BASE DE VIM''s-NF''s'!R:R,"") -> 2,454.40 | M26: FINALIZADO
A27: 45903 | B27: Erick | C27: Material | D27: Infraestrutura e elétrica para Secadores, Gerador de Nitrogênio e Chiller | E27: Marco Stella | F27: 1076574932 | G27: 4501708999 | H27: =IF(Table1[[#This Row],[PEDIDO]]<>"",_xlfn.XLOOKUP(Table1[[#This Row],[PEDIDO]],'[1]BASE DE VIM''s-NF''s'!I:I,'[1]BASE DE VIM''s-NF''s'!F:F,"-"),"-") -> 2931482 | I27: =_xlfn.XLOOKUP(Table1[[#This Row],[VIM]],'[1]BASE DE VIM''s-NF''s'!F:F,'[1]BASE DE VIM''s-NF''s'!A:A,"") -> Lançado | J27: =_xlfn.XLOOKUP(Table1[[#This Row],[VIM]],'[1]BASE DE VIM''s-NF''s'!F:F,'[1]BASE DE VIM''s-NF''s'!L:L,"") -> 000003008-9 | K27: =_xlfn.XLOOKUP(Table1[[#This Row],[VIM]],'[1]BASE DE VIM''s-NF''s'!F:F,'[1]BASE DE VIM''s-NF''s'!G:G,"") -> PROCONNECT INSTALACOES LTDA. | L27: =_xlfn.XLOOKUP(Table1[[#This Row],[PEDIDO]],'[1]BASE DE VIM''s-NF''s'!I:I,'[1]BASE DE VIM''s-NF''s'!R:R,"") -> 30,600.00 | M27: FINALIZADO
A28: 45903 | B28: Erick | C28: Material | D28: CAIXAS PARA O TRANSPORTE DE PAPEL | E28: Marco Stella | F28: 1076574965 | G28: 4501709507 | H28: =IF(Table1[[#This Row],[PEDIDO]]<>"",_xlfn.XLOOKUP(Table1[[#This Row],[PEDIDO]],'[1]BASE DE VIM''s-NF''s'!I:I,'[1]BASE DE VIM''s-NF''s'!F:F,"-"),"-") -> 2923948 | I28: =_xlfn.XLOOKUP(Table1[[#This Row],[VIM]],'[1]BASE DE VIM''s-NF''s'!F:F,'[1]BASE DE VIM''s-NF''s'!A:A,"") -> Lançado | J28: =_xlfn.XLOOKUP(Table1[[#This Row],[VIM]],'[1]BASE DE VIM''s-NF''s'!F:F,'[1]BASE DE VIM''s-NF''s'!L:L,"") -> 000125497-1 | K28: =_xlfn.XLOOKUP(Table1[[#This Row],[VIM]],'[1]BASE DE VIM''s-NF''s'!F:F,'[1]BASE DE VIM''s-NF''s'!G:G,"") -> TIAGO DE BROI EIRELI EPP. | L28: =_xlfn.XLOOKUP(Table1[[#This Row],[PEDIDO]],'[1]BASE DE VIM''s-NF''s'!I:I,'[1]BASE DE VIM''s-NF''s'!R:R,"") -> 6,653.00 | M28: FINALIZADO
A29: 45912 | B29: Erick | C29: Material | D29: Torquimetro e Paquimetro | E29: Marco Stella | F29: 1076731871 | G29: 4501710194 | H29: =IF(Table1[[#This Row],[PEDIDO]]<>"",_xlfn.XLOOKUP(Table1[[#This Row],[PEDIDO]],'[1]BASE DE VIM''s-NF''s'!I:I,'[1]BASE DE VIM''s-NF''s'!F:F,"-"),"-") -> 2922687 | I29: =_xlfn.XLOOKUP(Table1[[#This Row],[VIM]],'[1]BASE DE VIM''s-NF''s'!F:F,'[1]BASE DE VIM''s-NF''s'!A:A,"") -> Lançado | J29: =_xlfn.XLOOKUP(Table1[[#This Row],[VIM]],'[1]BASE DE VIM''s-NF''s'!F:F,'[1]BASE DE VIM''s-NF''s'!L:L,"") -> 001464803-3 | K29: =_xlfn.XLOOKUP(Table1[[#This Row],[VIM]],'[1]BASE DE VIM''s-NF''s'!F:F,'[1]BASE DE VIM''s-NF''s'!G:G,"") -> ANHANGUERA COMERCIO DE | L29: =_xlfn.XLOOKUP(Table1[[#This Row],[PEDIDO]],'[1]BASE DE VIM''s-NF''s'!I:I,'[1]BASE DE VIM''s-NF''s'!R:R,"") -> 6,860.71 | M29: FINALIZADO
A30: 45915 | B30: Rafael | C30: Material | D30: Gabarito Pintura | E30: Marco Stella | F30: 1076763643 | G30: 4501710190 | H30: =IF(Table1[[#This Row],[PEDIDO]]<>"",_xlfn.XLOOKUP(Table1[[#This Row],[PEDIDO]],'[1]BASE DE VIM''s-NF''s'!I:I,'[1]BASE DE VIM''s-NF''s'!F:F,"-"),"-") -> 2923546 | I30: =_xlfn.XLOOKUP(Table1[[#This Row],[VIM]],'[1]BASE DE VIM''s-NF''s'!F:F,'[1]BASE DE VIM''s-NF''s'!A:A,"") -> Lançado | J30: =_xlfn.XLOOKUP(Table1[[#This Row],[VIM]],'[1]BASE DE VIM''s-NF''s'!F:F,'[1]BASE DE VIM''s-NF''s'!L:L,"") -> 000001306-1 | K30: =_xlfn.XLOOKUP(Table1[[#This Row],[VIM]],'[1]BASE DE VIM''s-NF''s'!F:F,'[1]BASE DE VIM''s-NF''s'!G:G,"") -> HMTG BRINDES LTDA. | L30: =_xlfn.XLOOKUP(Table1[[#This Row],[PEDIDO]],'[1]BASE DE VIM''s-NF''s'!I:I,'[1]BASE DE VIM''s-NF''s'!R:R,"") -> 1,097.82 | M30: FINALIZADO
A31: 45916 | B31: Rafael | C31: Material | D31: Inspeçao espelho e lanterna | E31: Marco Stella | F31: 1076792855 | G31: 4501710241 | H31: =IF(Table1[[#This Row],[PEDIDO]]<>"",_xlfn.XLOOKUP(Table1[[#This Row],[PEDIDO]],'[1]BASE DE VIM''s-NF''s'!I:I,'[1]BASE DE VIM''s-NF''s'!F:F,"-"),"-") -> 2923433 | I31: =_xlfn.XLOOKUP(Table1[[#This Row],[VIM]],'[1]BASE DE VIM''s-NF''s'!F:F,'[1]BASE DE VIM''s-NF''s'!A:A,"") -> Lançado | J31: =_xlfn.XLOOKUP(Table1[[#This Row],[VIM]],'[1]BASE DE VIM''s-NF''s'!F:F,'[1]BASE DE VIM''s-NF''s'!L:L,"") -> 000125400-1 | K31: =_xlfn.XLOOKUP(Table1[[#This Row],[VIM]],'[1]BASE DE VIM''s-NF''s'!F:F,'[1]BASE DE VIM''s-NF''s'!G:G,"") -> TIAGO DE BROI EIRELI EPP. | L31: =_xlfn.XLOOKUP(Table1[[#This Row],[PEDIDO]],'[1]BASE DE VIM''s-NF''s'!I:I,'[1]BASE DE VIM''s-NF''s'!R:R,"") -> 516.28 | M31: FINALIZADO
A32: 45916 | B32: Rafael | C32: Material | D32: BICO DE SOLDA Ø8 | E32: Marco Stella | F32: 1076792859 | G32: 4501710242 | H32: =IF(Table1[[#This Row],[PEDIDO]]<>"",_xlfn.XLOOKUP(Table1[[#This Row],[PEDIDO]],'[1]BASE DE VIM''s-NF''s'!I:I,'[1]BASE DE VIM''s-NF''s'!F:F,"-"),"-") -> 2927599 | I32: =_xlfn.XLOOKUP(Table1[[#This Row],[VIM]],'[1]BASE DE VIM''s-NF''s'!F:F,'[1]BASE DE VIM''s-NF''s'!A:A,"") -> Lançado | J32: =_xlfn.XLOOKUP(Table1[[#This Row],[VIM]],'[1]BASE DE VIM''s-NF''s'!F:F,'[1]BASE DE VIM''s-NF''s'!L:L,"") -> 000007199-1 | K32: =_xlfn.XLOOKUP(Table1[[#This Row],[VIM]],'[1]BASE DE VIM''s-NF''s'!F:F,'[1]BASE DE VIM''s-NF''s'!G:G,"") -> ROVAMEC USINAGEM LTDA. EPP. | L32: =_xlfn.XLOOKUP(Table1[[#This Row],[PEDIDO]],'[1]BASE DE VIM''s-NF''s'!I:I,'[1]BASE DE VIM''s-NF''s'!R:R,"") -> 2,985.00 | M32: FINALIZADO
A33: 45917 | B33: Rafael | C33: Material | D33: Fita de Arquar e parafusos M12 Bobinagem. | E33: Marco Stella | F33: 1076793131 | G33: 4501710375 | H33: =IF(Table1[[#This Row],[PEDIDO]]<>"",_xlfn.XLOOKUP(Table1[[#This Row],[PEDIDO]],'[1]BASE DE VIM''s-NF''s'!I:I,'[1]BASE DE VIM''s-NF''s'!F:F,"-"),"-") -> 2923949 | I33: =_xlfn.XLOOKUP(Table1[[#This Row],[VIM]],'[1]BASE DE VIM''s-NF''s'!F:F,'[1]BASE DE VIM''s-NF''s'!A:A,"") -> Lançado | J33: =_xlfn.XLOOKUP(Table1[[#This Row],[VIM]],'[1]BASE DE VIM''s-NF''s'!F:F,'[1]BASE DE VIM''s-NF''s'!L:L,"") -> 000125498-1 | K33: =_xlfn.XLOOKUP(Table1[[#This Row],[VIM]],'[1]BASE DE VIM''s-NF''s'!F:F,'[1]BASE DE VIM''s-NF''s'!G:G,"") -> TIAGO DE BROI EIRELI EPP. | L33: =_xlfn.XLOOKUP(Table1[[#This Row],[PEDIDO]],'[1]BASE DE VIM''s-NF''s'!I:I,'[1]BASE DE VIM''s-NF''s'!R:R,"") -> 545.48 | M33: FINALIZADO
... A78: 45993 | B78: Rafael | C78: Material | D78: ANEL ORING SILICONE 29.51 X 5.33 | E78: Marco Stella | F78: 1077637942 | G78: 4501718581 | H78: =IF(Table1[[#This Row],[PEDIDO]]<>"",_xlfn.XLOOKUP(Table1[[#This Row],[PEDIDO]],'[1]BASE DE VIM''s-NF''s'!I:I,'[1]BASE DE VIM''s-NF''s'!F:F,"-"),"-") -> 2949513 | I78: =_xlfn.XLOOKUP(Table1[[#This Row],[VIM]],'[1]BASE DE VIM''s-NF''s'!F:F,'[1]BASE DE VIM''s-NF''s'!A:A,"") -> Lançado | J78: =_xlfn.XLOOKUP(Table1[[#This Row],[VIM]],'[1]BASE DE VIM''s-NF''s'!F:F,'[1]BASE DE VIM''s-NF''s'!L:L,"") -> 000130280-1 | K78: =_xlfn.XLOOKUP(Table1[[#This Row],[VIM]],'[1]BASE DE VIM''s-NF''s'!F:F,'[1]BASE DE VIM''s-NF''s'!G:G,"") -> TIAGO DE BROI EIRELI EPP. | L78: =_xlfn.XLOOKUP(Table1[[#This Row],[PEDIDO]],'[1]BASE DE VIM''s-NF''s'!I:I,'[1]BASE DE VIM''s-NF''s'!R:R,"") -> 1,940.00 | M78: FINALIZADO
A79: 45993 | B79: Erick | C79: Serviço | D79: Programação célula de emborrachamento | E79: Marco Stella | F79: 1077637913 | G79: 4501718745 | H79: =IF(Table1[[#This Row],[PEDIDO]]<>"",_xlfn.XLOOKUP(Table1[[#This Row],[PEDIDO]],'[1]BASE DE VIM''s-NF''s'!I:I,'[1]BASE DE VIM''s-NF''s'!F:F,"-"),"-") -> 2962348 | J79: =_xlfn.XLOOKUP(Table1[[#This Row],[VIM]],'[1]BASE DE VIM''s-NF''s'!F:F,'[1]BASE DE VIM''s-NF''s'!L:L,"") -> 000000396-9 | K79: =_xlfn.XLOOKUP(Table1[[#This Row],[VIM]],'[1]BASE DE VIM''s-NF''s'!F:F,'[1]BASE DE VIM''s-NF''s'!G:G,"") -> DCSPRO - AUTOMACAO PROJETOS E | L79: =_xlfn.XLOOKUP(Table1[[#This Row],[PEDIDO]],'[1]BASE DE VIM''s-NF''s'!I:I,'[1]BASE DE VIM''s-NF''s'!R:R,"") -> 7,800.00 | M79: FINALIZADO
A80: 45993 | B80: Rafael | C80: Material | D80: Carrinho para o microondas Papel | E80: Marco Stella | F80: 1077650862 | G80: 4501718864 | H80: =IF(Table1[[#This Row],[PEDIDO]]<>"",_xlfn.XLOOKUP(Table1[[#This Row],[PEDIDO]],'[1]BASE DE VIM''s-NF''s'!I:I,'[1]BASE DE VIM''s-NF''s'!F:F,"-"),"-") -> 2947169 | I80: =_xlfn.XLOOKUP(Table1[[#This Row],[VIM]],'[1]BASE DE VIM''s-NF''s'!F:F,'[1]BASE DE VIM''s-NF''s'!A:A,"") -> Lançado | J80: =_xlfn.XLOOKUP(Table1[[#This Row],[VIM]],'[1]BASE DE VIM''s-NF''s'!F:F,'[1]BASE DE VIM''s-NF''s'!L:L,"") -> 001502452-3 | K80: =_xlfn.XLOOKUP(Table1[[#This Row],[VIM]],'[1]BASE DE VIM''s-NF''s'!F:F,'[1]BASE DE VIM''s-NF''s'!G:G,"") -> ANHANGUERA COMERCIO DE | L80: =_xlfn.XLOOKUP(Table1[[#This Row],[PEDIDO]],'[1]BASE DE VIM''s-NF''s'!I:I,'[1]BASE DE VIM''s-NF''s'!R:R,"") -> 566.09 | M80: FINALIZADO
A81: 45993 | B81: Rafael | C81: Material | D81: Chave hexagonal t e agulhas e bico de fluido | E81: Marco Stella | F81: 1077650864 | G81: 4501718866 | H81: =IF(Table1[[#This Row],[PEDIDO]]<>"",_xlfn.XLOOKUP(Table1[[#This Row],[PEDIDO]],'[1]BASE DE VIM''s-NF''s'!I:I,'[1]BASE DE VIM''s-NF''s'!F:F,"-"),"-") -> 2951605 | I81: =_xlfn.XLOOKUP(Table1[[#This Row],[VIM]],'[1]BASE DE VIM''s-NF''s'!F:F,'[1]BASE DE VIM''s-NF''s'!A:A,"") -> Lançado | J81: =_xlfn.XLOOKUP(Table1[[#This Row],[VIM]],'[1]BASE DE VIM''s-NF''s'!F:F,'[1]BASE DE VIM''s-NF''s'!L:L,"") -> 001508003-3 | K81: =_xlfn.XLOOKUP(Table1[[#This Row],[VIM]],'[1]BASE DE VIM''s-NF''s'!F:F,'[1]BASE DE VIM''s-NF''s'!G:G,"") -> ANHANGUERA COMERCIO DE | L81: =_xlfn.XLOOKUP(Table1[[#This Row],[PEDIDO]],'[1]BASE DE VIM''s-NF''s'!I:I,'[1]BASE DE VIM''s-NF''s'!R:R,"") -> 321.37 | M81: FINALIZADO
A82: 45993 | B82: Fernanda | C82: Material | D82: Ferramenta de crimpar e espatula | E82: Marco Stella | F82: 1077663386 | G82: 4501719453 | H82: =IF(Table1[[#This Row],[PEDIDO]]<>"",_xlfn.XLOOKUP(Table1[[#This Row],[PEDIDO]],'[1]BASE DE VIM''s-NF''s'!I:I,'[1]BASE DE VIM''s-NF''s'!F:F,"-"),"-") -> 2949512 | I82: =_xlfn.XLOOKUP(Table1[[#This Row],[VIM]],'[1]BASE DE VIM''s-NF''s'!F:F,'[1]BASE DE VIM''s-NF''s'!A:A,"") -> Lançado | J82: =_xlfn.XLOOKUP(Table1[[#This Row],[VIM]],'[1]BASE DE VIM''s-NF''s'!F:F,'[1]BASE DE VIM''s-NF''s'!L:L,"") -> 000130276-1 | K82: =_xlfn.XLOOKUP(Table1[[#This Row],[VIM]],'[1]BASE DE VIM''s-NF''s'!F:F,'[1]BASE DE VIM''s-NF''s'!G:G,"") -> TIAGO DE BROI EIRELI EPP. | L82: =_xlfn.XLOOKUP(Table1[[#This Row],[PEDIDO]],'[1]BASE DE VIM''s-NF''s'!I:I,'[1]BASE DE VIM''s-NF''s'!R:R,"") -> 1,991.36 | M82: FINALIZADO
A83: 45993 | B83: Fernanda | C83: Material | D83: Ferramentas montagem de rack e lanterna | E83: Marco Stella | F83: 1077663390 | G83: 4501719454 | H83: =IF(Table1[[#This Row],[PEDIDO]]<>"",_xlfn.XLOOKUP(Table1[[#This Row],[PEDIDO]],'[1]BASE DE VIM''s-NF''s'!I:I,'[1]BASE DE VIM''s-NF''s'!F:F,"-"),"-") -> 2950785 | I83: =_xlfn.XLOOKUP(Table1[[#This Row],[VIM]],'[1]BASE DE VIM''s-NF''s'!F:F,'[1]BASE DE VIM''s-NF''s'!A:A,"") -> Lançado | J83: =_xlfn.XLOOKUP(Table1[[#This Row],[VIM]],'[1]BASE DE VIM''s-NF''s'!F:F,'[1]BASE DE VIM''s-NF''s'!L:L,"") -> 000130507-1 | K83: =_xlfn.XLOOKUP(Table1[[#This Row],[VIM]],'[1]BASE DE VIM''s-NF''s'!F:F,'[1]BASE DE VIM''s-NF''s'!G:G,"") -> TIAGO DE BROI EIRELI EPP. | L83: =_xlfn.XLOOKUP(Table1[[#This Row],[PEDIDO]],'[1]BASE DE VIM''s-NF''s'!I:I,'[1]BASE DE VIM''s-NF''s'!R:R,"") -> 539.98 | M83: FINALIZADO
A84: 46000 | B84: Rafael | C84: Material | D84: Placas de Naylon | E84: Marco Stella | F84: 1077671835 | G84: 4501719457 | H84: =IF(Table1[[#This Row],[PEDIDO]]<>"",_xlfn.XLOOKUP(Table1[[#This Row],[PEDIDO]],'[1]BASE DE VIM''s-NF''s'!I:I,'[1]BASE DE VIM''s-NF''s'!F:F,"-"),"-") -> 2950241 | I84: =_xlfn.XLOOKUP(Table1[[#This Row],[VIM]],'[1]BASE DE VIM''s-NF''s'!F:F,'[1]BASE DE VIM''s-NF''s'!A:A,"") -> Lançado | J84: =_xlfn.XLOOKUP(Table1[[#This Row],[VIM]],'[1]BASE DE VIM''s-NF''s'!F:F,'[1]BASE DE VIM''s-NF''s'!L:L,"") -> 000007270-1 | K84: =_xlfn.XLOOKUP(Table1[[#This Row],[VIM]],'[1]BASE DE VIM''s-NF''s'!F:F,'[1]BASE DE VIM''s-NF''s'!G:G,"") -> ROVAMEC USINAGEM LTDA. EPP. | L84: =_xlfn.XLOOKUP(Table1[[#This Row],[PEDIDO]],'[1]BASE DE VIM''s-NF''s'!I:I,'[1]BASE DE VIM''s-NF''s'!R:R,"") -> 3,980.00 | M84: FINALIZADO
A85: 46000 | B85: Erick | C85: Material | D85: Octans sensores solda terminal | E85: Marco Stella | F85: 1077700735 | G85: 4501719496 | H85: =IF(Table1[[#This Row],[PEDIDO]]<>"",_xlfn.XLOOKUP(Table1[[#This Row],[PEDIDO]],'[1]BASE DE VIM''s-NF''s'!I:I,'[1]BASE DE VIM''s-NF''s'!F:F,"-"),"-") -> 2971030 | I85: =_xlfn.XLOOKUP(Table1[[#This Row],[VIM]],'[1]BASE DE VIM''s-NF''s'!F:F,'[1]BASE DE VIM''s-NF''s'!A:A,"") -> Lançado | J85: =_xlfn.XLOOKUP(Table1[[#This Row],[VIM]],'[1]BASE DE VIM''s-NF''s'!F:F,'[1]BASE DE VIM''s-NF''s'!L:L,"") -> 000000129-1 | K85: =_xlfn.XLOOKUP(Table1[[#This Row],[VIM]],'[1]BASE DE VIM''s-NF''s'!F:F,'[1]BASE DE VIM''s-NF''s'!G:G,"") -> OCTANS SISTEMAS DE AUTOMACAO LTDA. | L85: =_xlfn.XLOOKUP(Table1[[#This Row],[PEDIDO]],'[1]BASE DE VIM''s-NF''s'!I:I,'[1]BASE DE VIM''s-NF''s'!R:R,"") -> 2,370.00 | M85: FINALIZADO
A86: 46002 | B86: Erick | C86: Material | D86: Serviço de Inspeção de cintas | E86: Marco Stella | F86: 1077728924 | G86: 4501721350 | H86: =IF(Table1[[#This Row],[PEDIDO]]<>"",_xlfn.XLOOKUP(Table1[[#This Row],[PEDIDO]],'[1]BASE DE VIM''s-NF''s'!I:I,'[1]BASE DE VIM''s-NF''s'!F:F,"-"),"-") -> 2958135 | I86: =_xlfn.XLOOKUP(Table1[[#This Row],[VIM]],'[1]BASE DE VIM''s-NF''s'!F:F,'[1]BASE DE VIM''s-NF''s'!A:A,"") -> Lançado | J86: =_xlfn.XLOOKUP(Table1[[#This Row],[VIM]],'[1]BASE DE VIM''s-NF''s'!F:F,'[1]BASE DE VIM''s-NF''s'!L:L,"") -> 000000018-9 | K86: =_xlfn.XLOOKUP(Table1[[#This Row],[VIM]],'[1]BASE DE VIM''s-NF''s'!F:F,'[1]BASE DE VIM''s-NF''s'!G:G,"") -> RIGGING BRASIL PRESTACAO DE | L86: =_xlfn.XLOOKUP(Table1[[#This Row],[PEDIDO]],'[1]BASE DE VIM''s-NF''s'!I:I,'[1]BASE DE VIM''s-NF''s'!R:R,"") -> 6,257.85 | M86: FINALIZADO
A87: 46002 | B87: Erick | C87: Material | D87: Trava roscada para carrinho da Insersora | E87: Marco Stella | F87: 1077728946 | G87: 4501719697 | H87: =IF(Table1[[#This Row],[PEDIDO]]<>"",_xlfn.XLOOKUP(Table1[[#This Row],[PEDIDO]],'[1]BASE DE VIM''s-NF''s'!I:I,'[1]BASE DE VIM''s-NF''s'!F:F,"-"),"-") -> 2957463 | I87: =_xlfn.XLOOKUP(Table1[[#This Row],[VIM]],'[1]BASE DE VIM''s-NF''s'!F:F,'[1]BASE DE VIM''s-NF''s'!A:A,"") -> Lançado | J87: =_xlfn.XLOOKUP(Table1[[#This Row],[VIM]],'[1]BASE DE VIM''s-NF''s'!F:F,'[1]BASE DE VIM''s-NF''s'!L:L,"") -> 000000924-1 | K87: =_xlfn.XLOOKUP(Table1[[#This Row],[VIM]],'[1]BASE DE VIM''s-NF''s'!F:F,'[1]BASE DE VIM''s-NF''s'!G:G,"") -> MB - COMERCIO E PRESTACAO DE SERVIC | L87: =_xlfn.XLOOKUP(Table1[[#This Row],[PEDIDO]],'[1]BASE DE VIM''s-NF''s'!I:I,'[1]BASE DE VIM''s-NF''s'!R:R,"") -> 1,900.00 | M87: FINALIZADO
A88: 46002 | B88: Erick | C88: Material | D88: sistema de giro das prensas | E88: Marco Stella | F88: 1077772923 | G88: 4501721225 | H88: =IF(Table1[[#This Row],[PEDIDO]]<>"",_xlfn.XLOOKUP(Table1[[#This Row],[PEDIDO]],'[1]BASE DE VIM''s-NF''s'!I:I,'[1]BASE DE VIM''s-NF''s'!F:F,"-"),"-") -> 2954028 | I88: =_xlfn.XLOOKUP(Table1[[#This Row],[VIM]],'[1]BASE DE VIM''s-NF''s'!F:F,'[1]BASE DE VIM''s-NF''s'!A:A,"") -> Lançado | J88: =_xlfn.XLOOKUP(Table1[[#This Row],[VIM]],'[1]BASE DE VIM''s-NF''s'!F:F,'[1]BASE DE VIM''s-NF''s'!L:L,"") -> 000001211-9 | K88: =_xlfn.XLOOKUP(Table1[[#This Row],[VIM]],'[1]BASE DE VIM''s-NF''s'!F:F,'[1]BASE DE VIM''s-NF''s'!G:G,"") -> ZAP USINAGEM E CALDEIRARIA | L88: =_xlfn.XLOOKUP(Table1[[#This Row],[PEDIDO]],'[1]BASE DE VIM''s-NF''s'!I:I,'[1]BASE DE VIM''s-NF''s'!R:R,"") -> 6,140.00 | M88: FINALIZADO
A89: 46028 | B89: Erick | C89: Material | D89: facas maquina de rabicho e dispositivo manutenção | E89: Marco Stella | F89: 1077891990 | G89: 4501721478 | H89: =IF(Table1[[#This Row],[PEDIDO]]<>"",_xlfn.XLOOKUP(Table1[[#This Row],[PEDIDO]],'[1]BASE DE VIM''s-NF''s'!I:I,'[1]BASE DE VIM''s-NF''s'!F:F,"-"),"-") -> 2961431 | I89: =_xlfn.XLOOKUP(Table1[[#This Row],[VIM]],'[1]BASE DE VIM''s-NF''s'!F:F,'[1]BASE DE VIM''s-NF''s'!A:A,"") -> Lançado | J89: =_xlfn.XLOOKUP(Table1[[#This Row],[VIM]],'[1]BASE DE VIM''s-NF''s'!F:F,'[1]BASE DE VIM''s-NF''s'!L:L,"") -> 000007295-1 | K89: =_xlfn.XLOOKUP(Table1[[#This Row],[VIM]],'[1]BASE DE VIM''s-NF''s'!F:F,'[1]BASE DE VIM''s-NF''s'!G:G,"") -> ROVAMEC USINAGEM LTDA. EPP. | L89: =_xlfn.XLOOKUP(Table1[[#This Row],[PEDIDO]],'[1]BASE DE VIM''s-NF''s'!I:I,'[1]BASE DE VIM''s-NF''s'!R:R,"") -> 3,092.00 | M89: FINALIZADO
A90: 46029 | B90: Erick | C90: Material | D90: Alicate e Espatula | E90: Marco Stella | F90: 1077905251 | G90: 4501721647 | H90: =IF(Table1[[#This Row],[PEDIDO]]<>"",_xlfn.XLOOKUP(Table1[[#This Row],[PEDIDO]],'[1]BASE DE VIM''s-NF''s'!I:I,'[1]BASE DE VIM''s-NF''s'!F:F,"-"),"-") -> 2963457 | I90: =_xlfn.XLOOKUP(Table1[[#This Row],[VIM]],'[1]BASE DE VIM''s-NF''s'!F:F,'[1]BASE DE VIM''s-NF''s'!A:A,"") -> Lançado | J90: =_xlfn.XLOOKUP(Table1[[#This Row],[VIM]],'[1]BASE DE VIM''s-NF''s'!F:F,'[1]BASE DE VIM''s-NF''s'!L:L,"") -> 000132032-1 | K90: =_xlfn.XLOOKUP(Table1[[#This Row],[VIM]],'[1]BASE DE VIM''s-NF''s'!F:F,'[1]BASE DE VIM''s-NF''s'!G:G,"") -> TIAGO DE BROI EIRELI EPP. | L90: =_xlfn.XLOOKUP(Table1[[#This Row],[PEDIDO]],'[1]BASE DE VIM''s-NF''s'!I:I,'[1]BASE DE VIM''s-NF''s'!R:R,"") -> 1,991.36 | M90: FINALIZADO
A91: 46029 | B91: Amanda | C91: Material | D91: Maquitas a Bateria | E91: Marco Stella | F91: 1077905254 | G91: 4501721541 | H91: =IF(Table1[[#This Row],[PEDIDO]]<>"",_xlfn.XLOOKUP(Table1[[#This Row],[PEDIDO]],'[1]BASE DE VIM''s-NF''s'!I:I,'[1]BASE DE VIM''s-NF''s'!F:F,"-"),"-") -> 2954447 | I91: =_xlfn.XLOOKUP(Table1[[#This Row],[VIM]],'[1]BASE DE VIM''s-NF''s'!F:F,'[1]BASE DE VIM''s-NF''s'!A:A,"") -> Lançado | J91: =_xlfn.XLOOKUP(Table1[[#This Row],[VIM]],'[1]BASE DE VIM''s-NF''s'!F:F,'[1]BASE DE VIM''s-NF''s'!L:L,"") -> 001512417-3 | K91: =_xlfn.XLOOKUP(Table1[[#This Row],[VIM]],'[1]BASE DE VIM''s-NF''s'!F:F,'[1]BASE DE VIM''s-NF''s'!G:G,"") -> ANHANGUERA COMERCIO DE | L91: =_xlfn.XLOOKUP(Table1[[#This Row],[PEDIDO]],'[1]BASE DE VIM''s-NF''s'!I:I,'[1]BASE DE VIM''s-NF''s'!R:R,"") -> 6,584.97 | M91: FINALIZADO
... A93: 46031 | B93: Erick | C93: Serviço | D93: Serviços JVA | E93: Marco Stella | F93: 1077930846 | G93: 4501721989 | H93: =IF(Table1[[#This Row],[PEDIDO]]<>"",_xlfn.XLOOKUP(Table1[[#This Row],[PEDIDO]],'[1]BASE DE VIM''s-NF''s'!I:I,'[1]BASE DE VIM''s-NF''s'!F:F,"-"),"-") -> 2983992 | I93: =_xlfn.XLOOKUP(Table1[[#This Row],[VIM]],'[1]BASE DE VIM''s-NF''s'!F:F,'[1]BASE DE VIM''s-NF''s'!A:A,"") -> Lançado | J93: =_xlfn.XLOOKUP(Table1[[#This Row],[VIM]],'[1]BASE DE VIM''s-NF''s'!F:F,'[1]BASE DE VIM''s-NF''s'!L:L,"") -> 000000478-9 | K93: =_xlfn.XLOOKUP(Table1[[#This Row],[VIM]],'[1]BASE DE VIM''s-NF''s'!F:F,'[1]BASE DE VIM''s-NF''s'!G:G,"") -> JVA COMERCIO E ASSISTENCIA TECNICA | L93: =_xlfn.XLOOKUP(Table1[[#This Row],[PEDIDO]],'[1]BASE DE VIM''s-NF''s'!I:I,'[1]BASE DE VIM''s-NF''s'!R:R,"") -> 1,455.60 | M93: FINALIZADO
A94: 46034 | B94: Erick | C94: Serviço | D94: Adequação dispositivos de solda | E94: Marco Stella | F94: 1077935790 | G94: 4501722228 | K94: ZAP USINAGEM E CALDEIRARIA | L94: 17,950.00 | M94: AGUARDANDO ENTREGA
A95: 46034 | B95: Rafael | C95: Material | D95: Portas Chaves | E95: Marco Stella | F95: 1077935996 | G95: 4501722091 | H95: =IF(Table1[[#This Row],[PEDIDO]]<>"",_xlfn.XLOOKUP(Table1[[#This Row],[PEDIDO]],'[1]BASE DE VIM''s-NF''s'!I:I,'[1]BASE DE VIM''s-NF''s'!F:F,"-"),"-") -> 2962169 | I95: =_xlfn.XLOOKUP(Table1[[#This Row],[VIM]],'[1]BASE DE VIM''s-NF''s'!F:F,'[1]BASE DE VIM''s-NF''s'!A:A,"") -> Lançado | J95: =_xlfn.XLOOKUP(Table1[[#This Row],[VIM]],'[1]BASE DE VIM''s-NF''s'!F:F,'[1]BASE DE VIM''s-NF''s'!L:L,"") -> 000132370-1 | K95: =_xlfn.XLOOKUP(Table1[[#This Row],[VIM]],'[1]BASE DE VIM''s-NF''s'!F:F,'[1]BASE DE VIM''s-NF''s'!G:G,"") -> TIAGO DE BROI EIRELI EPP. | L95: =_xlfn.XLOOKUP(Table1[[#This Row],[PEDIDO]],'[1]BASE DE VIM''s-NF''s'!I:I,'[1]BASE DE VIM''s-NF''s'!R:R,"") -> 224.40 | M95: FINALIZADO
A96: 46034 | B96: Rafael | C96: Material | D96: Frigrobar Balck | E96: Marco Stella | F96: 1077935997 | G96: 4501722089 | H96: =IF(Table1[[#This Row],[PEDIDO]]<>"",_xlfn.XLOOKUP(Table1[[#This Row],[PEDIDO]],'[1]BASE DE VIM''s-NF''s'!I:I,'[1]BASE DE VIM''s-NF''s'!F:F,"-"),"-") -> 2967089 | I96: =_xlfn.XLOOKUP(Table1[[#This Row],[VIM]],'[1]BASE DE VIM''s-NF''s'!F:F,'[1]BASE DE VIM''s-NF''s'!A:A,"") -> Lançado | J96: =_xlfn.XLOOKUP(Table1[[#This Row],[VIM]],'[1]BASE DE VIM''s-NF''s'!F:F,'[1]BASE DE VIM''s-NF''s'!L:L,"") -> 000133139-1 | K96: =_xlfn.XLOOKUP(Table1[[#This Row],[VIM]],'[1]BASE DE VIM''s-NF''s'!F:F,'[1]BASE DE VIM''s-NF''s'!G:G,"") -> TIAGO DE BROI EIRELI EPP. | L96: =_xlfn.XLOOKUP(Table1[[#This Row],[PEDIDO]],'[1]BASE DE VIM''s-NF''s'!I:I,'[1]BASE DE VIM''s-NF''s'!R:R,"") -> 2,263.71 | M96: FINALIZADO
A97: 46034 | B97: Fernanda | C97: Material | D97: Jacares LEE | E97: Marco Stella | F97: 1077935998 | G97: 4501722087 | H97: =IF(Table1[[#This Row],[PEDIDO]]<>"",_xlfn.XLOOKUP(Table1[[#This Row],[PEDIDO]],'[1]BASE DE VIM''s-NF''s'!I:I,'[1]BASE DE VIM''s-NF''s'!F:F,"-"),"-") -> 2959938 | I97: =_xlfn.XLOOKUP(Table1[[#This Row],[VIM]],'[1]BASE DE VIM''s-NF''s'!F:F,'[1]BASE DE VIM''s-NF''s'!A:A,"") -> Lançado | J97: =_xlfn.XLOOKUP(Table1[[#This Row],[VIM]],'[1]BASE DE VIM''s-NF''s'!F:F,'[1]BASE DE VIM''s-NF''s'!L:L,"") -> 000131874-1 | K97: =_xlfn.XLOOKUP(Table1[[#This Row],[VIM]],'[1]BASE DE VIM''s-NF''s'!F:F,'[1]BASE DE VIM''s-NF''s'!G:G,"") -> TIAGO DE BROI EIRELI EPP. | L97: =_xlfn.XLOOKUP(Table1[[#This Row],[PEDIDO]],'[1]BASE DE VIM''s-NF''s'!I:I,'[1]BASE DE VIM''s-NF''s'!R:R,"") -> 891.10 | M97: FINALIZADO
A98: 46036 | B98: Rafael | C98: Material | D98: TVs Rafa | E98: Marco Stella | F98: 1077946809 | G98: 4501722488 | H98: =IF(Table1[[#This Row],[PEDIDO]]<>"",_xlfn.XLOOKUP(Table1[[#This Row],[PEDIDO]],'[1]BASE DE VIM''s-NF''s'!I:I,'[1]BASE DE VIM''s-NF''s'!F:F,"-"),"-") -> 2960749 | I98: =_xlfn.XLOOKUP(Table1[[#This Row],[VIM]],'[1]BASE DE VIM''s-NF''s'!F:F,'[1]BASE DE VIM''s-NF''s'!A:A,"") -> Lançado | J98: =_xlfn.XLOOKUP(Table1[[#This Row],[VIM]],'[1]BASE DE VIM''s-NF''s'!F:F,'[1]BASE DE VIM''s-NF''s'!L:L,"") -> 000579809-1 | K98: =_xlfn.XLOOKUP(Table1[[#This Row],[VIM]],'[1]BASE DE VIM''s-NF''s'!F:F,'[1]BASE DE VIM''s-NF''s'!G:G,"") -> AGIS EQUIPAMENTOS E SERVICOS DE | L98: =_xlfn.XLOOKUP(Table1[[#This Row],[PEDIDO]],'[1]BASE DE VIM''s-NF''s'!I:I,'[1]BASE DE VIM''s-NF''s'!R:R,"") -> 15,825.00 | M98: FINALIZADO
A99: 46037 | B99: Erick | C99: OI | D99: Carrinhos transporte de isolações | E99: Rodrigo Zerneri | F99: 1077947029 | G99: 4501723097 | K99: ZAP USINAGEM E CALDEIRARIA | L99: 28,653.00 | M99: AGUARDANDO ENTREGA
A100: 46037 | B100: Rafael | C100: Serviço | D100: Bate rodas calzas serviço | E100: Marco Stella | F100: 1077954756 | G100: 4501722484 | H100: =IF(Table1[[#This Row],[PEDIDO]]<>"",_xlfn.XLOOKUP(Table1[[#This Row],[PEDIDO]],'[1]BASE DE VIM''s-NF''s'!I:I,'[1]BASE DE VIM''s-NF''s'!F:F,"-"),"-") -> 2971642 | I100: =_xlfn.XLOOKUP(Table1[[#This Row],[VIM]],'[1]BASE DE VIM''s-NF''s'!F:F,'[1]BASE DE VIM''s-NF''s'!A:A,"") -> Lançado | J100: =_xlfn.XLOOKUP(Table1[[#This Row],[VIM]],'[1]BASE DE VIM''s-NF''s'!F:F,'[1]BASE DE VIM''s-NF''s'!L:L,"") -> 000000708-9 | K100: =_xlfn.XLOOKUP(Table1[[#This Row],[VIM]],'[1]BASE DE VIM''s-NF''s'!F:F,'[1]BASE DE VIM''s-NF''s'!G:G,"") -> ESTRUTURAS E EQUIPAMENTOS | L100: =_xlfn.XLOOKUP(Table1[[#This Row],[PEDIDO]],'[1]BASE DE VIM''s-NF''s'!I:I,'[1]BASE DE VIM''s-NF''s'!R:R,"") -> 3,830.00 | M100: FINALIZADO
A101: 46037 | B101: Rafael | C101: Serviço | D101: Bate rodas calza produto | E101: Marco Stella | F101: 1077954924 | G101: 4501722484 | H101: =IF(Table1[[#This Row],[PEDIDO]]<>"",_xlfn.XLOOKUP(Table1[[#This Row],[PEDIDO]],'[1]BASE DE VIM''s-NF''s'!I:I,'[1]BASE DE VIM''s-NF''s'!F:F,"-"),"-") -> 2971642 | I101: =_xlfn.XLOOKUP(Table1[[#This Row],[VIM]],'[1]BASE DE VIM''s-NF''s'!F:F,'[1]BASE DE VIM''s-NF''s'!A:A,"") -> Lançado | J101: =_xlfn.XLOOKUP(Table1[[#This Row],[VIM]],'[1]BASE DE VIM''s-NF''s'!F:F,'[1]BASE DE VIM''s-NF''s'!L:L,"") -> 000000708-9 | K101: =_xlfn.XLOOKUP(Table1[[#This Row],[VIM]],'[1]BASE DE VIM''s-NF''s'!F:F,'[1]BASE DE VIM''s-NF''s'!G:G,"") -> ESTRUTURAS E EQUIPAMENTOS | L101: =_xlfn.XLOOKUP(Table1[[#This Row],[PEDIDO]],'[1]BASE DE VIM''s-NF''s'!I:I,'[1]BASE DE VIM''s-NF''s'!R:R,"") -> 3,830.00 | M101: FINALIZADO
A102: 46037 | B102: Amanda | C102: OI | D102: TRANSFORMADOR REDUTOR | E102: Marco Stella | F102: 1077954925 | G102: 4501723100 | H102: =IF(Table1[[#This Row],[PEDIDO]]<>"",_xlfn.XLOOKUP(Table1[[#This Row],[PEDIDO]],'[1]BASE DE VIM''s-NF''s'!I:I,'[1]BASE DE VIM''s-NF''s'!F:F,"-"),"-") -> 2979420 | J102: =_xlfn.XLOOKUP(Table1[[#This Row],[VIM]],'[1]BASE DE VIM''s-NF''s'!F:F,'[1]BASE DE VIM''s-NF''s'!L:L,"") -> 000022277-1 | K102: =_xlfn.XLOOKUP(Table1[[#This Row],[VIM]],'[1]BASE DE VIM''s-NF''s'!F:F,'[1]BASE DE VIM''s-NF''s'!G:G,"") -> PLENA COMERCIAL ELETRICA LTDA. | L102: =_xlfn.XLOOKUP(Table1[[#This Row],[PEDIDO]],'[1]BASE DE VIM''s-NF''s'!I:I,'[1]BASE DE VIM''s-NF''s'!R:R,"") -> 4,720.00 | M102: FINALIZADO
A103: 46043 | B103: Amanda | C103: Material | D103: Furadeira Reversível | E103: Marco Stella | F103: 1078005526 | G103: 4501722773 | H103: =IF(Table1[[#This Row],[PEDIDO]]<>"",_xlfn.XLOOKUP(Table1[[#This Row],[PEDIDO]],'[1]BASE DE VIM''s-NF''s'!I:I,'[1]BASE DE VIM''s-NF''s'!F:F,"-"),"-") -> 2969214 | I103: =_xlfn.XLOOKUP(Table1[[#This Row],[VIM]],'[1]BASE DE VIM''s-NF''s'!F:F,'[1]BASE DE VIM''s-NF''s'!A:A,"") -> Lançado | J103: =_xlfn.XLOOKUP(Table1[[#This Row],[VIM]],'[1]BASE DE VIM''s-NF''s'!F:F,'[1]BASE DE VIM''s-NF''s'!L:L,"") -> 001533839-3 | K103: =_xlfn.XLOOKUP(Table1[[#This Row],[VIM]],'[1]BASE DE VIM''s-NF''s'!F:F,'[1]BASE DE VIM''s-NF''s'!G:G,"") -> ANHANGUERA COMERCIO DE | L103: =_xlfn.XLOOKUP(Table1[[#This Row],[PEDIDO]],'[1]BASE DE VIM''s-NF''s'!I:I,'[1]BASE DE VIM''s-NF''s'!R:R,"") -> 1,234.10 | M103: FINALIZADO
A104: 46043 | B104: Amanda | C104: Material | D104: cordão e manta absorvente - AC6105 | E104: Marco Stella | F104: 1078006488 | G104: 4501723320 | H104: =IF(Table1[[#This Row],[PEDIDO]]<>"",_xlfn.XLOOKUP(Table1[[#This Row],[PEDIDO]],'[1]BASE DE VIM''s-NF''s'!I:I,'[1]BASE DE VIM''s-NF''s'!F:F,"-"),"-") -> 2960586 | I104: =_xlfn.XLOOKUP(Table1[[#This Row],[VIM]],'[1]BASE DE VIM''s-NF''s'!F:F,'[1]BASE DE VIM''s-NF''s'!A:A,"") -> Lançado | J104: =_xlfn.XLOOKUP(Table1[[#This Row],[VIM]],'[1]BASE DE VIM''s-NF''s'!F:F,'[1]BASE DE VIM''s-NF''s'!L:L,"") -> 001757455-1 | K104: =_xlfn.XLOOKUP(Table1[[#This Row],[VIM]],'[1]BASE DE VIM''s-NF''s'!F:F,'[1]BASE DE VIM''s-NF''s'!G:G,"") -> BUNZL EQUIPAMENTOS PARA PROTECAO | L104: =_xlfn.XLOOKUP(Table1[[#This Row],[PEDIDO]],'[1]BASE DE VIM''s-NF''s'!I:I,'[1]BASE DE VIM''s-NF''s'!R:R,"") -> 2,993.80 | M104: FINALIZADO
A105: 46043 | B105: Erick | C105: Serviço | D105: Alteração dos programas do CLP e da IHM | E105: Marco Stella | F105: 1078006489 | G105: 4501723288 | H105: =IF(Table1[[#This Row],[PEDIDO]]<>"",_xlfn.XLOOKUP(Table1[[#This Row],[PEDIDO]],'[1]BASE DE VIM''s-NF''s'!I:I,'[1]BASE DE VIM''s-NF''s'!F:F,"-"),"-") -> 2963473 | J105: =_xlfn.XLOOKUP(Table1[[#This Row],[VIM]],'[1]BASE DE VIM''s-NF''s'!F:F,'[1]BASE DE VIM''s-NF''s'!L:L,"") -> 000000398-9 | K105: =_xlfn.XLOOKUP(Table1[[#This Row],[VIM]],'[1]BASE DE VIM''s-NF''s'!F:F,'[1]BASE DE VIM''s-NF''s'!G:G,"") -> DCSPRO - AUTOMACAO PROJETOS E | L105: =_xlfn.XLOOKUP(Table1[[#This Row],[PEDIDO]],'[1]BASE DE VIM''s-NF''s'!I:I,'[1]BASE DE VIM''s-NF''s'!R:R,"") -> 850.00 | M105: FINALIZADO
A106: 46043 | B106: Erick | C106: Material | D106: TOCHA MIG SBME / GUIA ESPIRAL TEFLON | E106: Marco Stella | F106: 1078006490 | G106: 4501723314 | H106: =IF(Table1[[#This Row],[PEDIDO]]<>"",_xlfn.XLOOKUP(Table1[[#This Row],[PEDIDO]],'[1]BASE DE VIM''s-NF''s'!I:I,'[1]BASE DE VIM''s-NF''s'!F:F,"-"),"-") -> 2961866 | I106: =_xlfn.XLOOKUP(Table1[[#This Row],[VIM]],'[1]BASE DE VIM''s-NF''s'!F:F,'[1]BASE DE VIM''s-NF''s'!A:A,"") -> Lançado | J106: =_xlfn.XLOOKUP(Table1[[#This Row],[VIM]],'[1]BASE DE VIM''s-NF''s'!F:F,'[1]BASE DE VIM''s-NF''s'!L:L,"") -> 000009218-1 | K106: =_xlfn.XLOOKUP(Table1[[#This Row],[VIM]],'[1]BASE DE VIM''s-NF''s'!F:F,'[1]BASE DE VIM''s-NF''s'!G:G,"") -> AIRGAS BRASIL REPRESENTACAO | L106: =_xlfn.XLOOKUP(Table1[[#This Row],[PEDIDO]],'[1]BASE DE VIM''s-NF''s'!I:I,'[1]BASE DE VIM''s-NF''s'!R:R,"") -> 2,232.40 | M106: FINALIZADO
A107: 46043 | B107: Erick | C107: Material | D107: CA132278 PROTECAO ENGRENAGEM SISTEMA DE SUBIDA | E107: Marco Stella | F107: 1078020858 | G107: 4501723315 | H107: =IF(Table1[[#This Row],[PEDIDO]]<>"",_xlfn.XLOOKUP(Table1[[#This Row],[PEDIDO]],'[1]BASE DE VIM''s-NF''s'!I:I,'[1]BASE DE VIM''s-NF''s'!F:F,"-"),"-") -> 2966996 | I107: =_xlfn.XLOOKUP(Table1[[#This Row],[VIM]],'[1]BASE DE VIM''s-NF''s'!F:F,'[1]BASE DE VIM''s-NF''s'!A:A,"") -> Lançado | J107: =_xlfn.XLOOKUP(Table1[[#This Row],[VIM]],'[1]BASE DE VIM''s-NF''s'!F:F,'[1]BASE DE VIM''s-NF''s'!L:L,"") -> 000010280-1 | K107: =_xlfn.XLOOKUP(Table1[[#This Row],[VIM]],'[1]BASE DE VIM''s-NF''s'!F:F,'[1]BASE DE VIM''s-NF''s'!G:G,"") -> USINAGEM E FERRAMENTARIA LUZ & LUZ | L107: =_xlfn.XLOOKUP(Table1[[#This Row],[PEDIDO]],'[1]BASE DE VIM''s-NF''s'!I:I,'[1]BASE DE VIM''s-NF''s'!R:R,"") -> 2,680.00 | M107: FINALIZADO
A108: 46043 | B108: Erick | C108: Material | D108: CA131279 CALCO SETUP PARA CAIXAS DE 150 E 130 MQ DE SOLDA | E108: Marco Stella | F108: 1078020859 | G108: 4501723316 | H108: =IF(Table1[[#This Row],[PEDIDO]]<>"",_xlfn.XLOOKUP(Table1[[#This Row],[PEDIDO]],'[1]BASE DE VIM''s-NF''s'!I:I,'[1]BASE DE VIM''s-NF''s'!F:F,"-"),"-") -> 2972081 | I108: =_xlfn.XLOOKUP(Table1[[#This Row],[VIM]],'[1]BASE DE VIM''s-NF''s'!F:F,'[1]BASE DE VIM''s-NF''s'!A:A,"") -> Lançado | J108: =_xlfn.XLOOKUP(Table1[[#This Row],[VIM]],'[1]BASE DE VIM''s-NF''s'!F:F,'[1]BASE DE VIM''s-NF''s'!L:L,"") -> 000010304-1 | K108: =_xlfn.XLOOKUP(Table1[[#This Row],[VIM]],'[1]BASE DE VIM''s-NF''s'!F:F,'[1]BASE DE VIM''s-NF''s'!G:G,"") -> USINAGEM E FERRAMENTARIA LUZ & LUZ | L108: =_xlfn.XLOOKUP(Table1[[#This Row],[PEDIDO]],'[1]BASE DE VIM''s-NF''s'!I:I,'[1]BASE DE VIM''s-NF''s'!R:R,"") -> 3,120.00 | M108: FINALIZADO
A109: 46044 | B109: Erick | C109: Material | D109: PONTA PUXADOR ENCAPISULAMENTO | E109: Marco Stella | F109: 1078035478 | G109: 4501723317 | H109: =IF(Table1[[#This Row],[PEDIDO]]<>"",_xlfn.XLOOKUP(Table1[[#This Row],[PEDIDO]],'[1]BASE DE VIM''s-NF''s'!I:I,'[1]BASE DE VIM''s-NF''s'!F:F,"-"),"-") -> 2968301 | I109: =_xlfn.XLOOKUP(Table1[[#This Row],[VIM]],'[1]BASE DE VIM''s-NF''s'!F:F,'[1]BASE DE VIM''s-NF''s'!A:A,"") -> Lançado | J109: =_xlfn.XLOOKUP(Table1[[#This Row],[VIM]],'[1]BASE DE VIM''s-NF''s'!F:F,'[1]BASE DE VIM''s-NF''s'!L:L,"") -> 000007318-1 | K109: =_xlfn.XLOOKUP(Table1[[#This Row],[VIM]],'[1]BASE DE VIM''s-NF''s'!F:F,'[1]BASE DE VIM''s-NF''s'!G:G,"") -> ROVAMEC USINAGEM LTDA. EPP. | L109: =_xlfn.XLOOKUP(Table1[[#This Row],[PEDIDO]],'[1]BASE DE VIM''s-NF''s'!I:I,'[1]BASE DE VIM''s-NF''s'!R:R,"") -> 4,800.00 | M109: FINALIZADO
A110: 46045 | B110: Erick | C110: Material | D110: Carrinho para Ferramentas Fechado com 5 Gavetas | E110: Marco Stella | F110: 1078050465 | G110: 4501723506 | H110: =IF(Table1[[#This Row],[PEDIDO]]<>"",_xlfn.XLOOKUP(Table1[[#This Row],[PEDIDO]],'[1]BASE DE VIM''s-NF''s'!I:I,'[1]BASE DE VIM''s-NF''s'!F:F,"-"),"-") -> 2960977 | I110: =_xlfn.XLOOKUP(Table1[[#This Row],[VIM]],'[1]BASE DE VIM''s-NF''s'!F:F,'[1]BASE DE VIM''s-NF''s'!A:A,"") -> Lançado | J110: =_xlfn.XLOOKUP(Table1[[#This Row],[VIM]],'[1]BASE DE VIM''s-NF''s'!F:F,'[1]BASE DE VIM''s-NF''s'!L:L,"") -> 001520732-3 | K110: =_xlfn.XLOOKUP(Table1[[#This Row],[VIM]],'[1]BASE DE VIM''s-NF''s'!F:F,'[1]BASE DE VIM''s-NF''s'!G:G,"") -> ANHANGUERA COMERCIO DE | L110: =_xlfn.XLOOKUP(Table1[[#This Row],[PEDIDO]],'[1]BASE DE VIM''s-NF''s'!I:I,'[1]BASE DE VIM''s-NF''s'!R:R,"") -> 3,627.21 | M110: FINALIZADO
A111: 46045 | B111: Rafael | C111: Material | D111: Carro para Microondas papel | F111: 1078050467 | G111: 4501723521 | H111: =IF(Table1[[#This Row],[PEDIDO]]<>"",_xlfn.XLOOKUP(Table1[[#This Row],[PEDIDO]],'[1]BASE DE VIM''s-NF''s'!I:I,'[1]BASE DE VIM''s-NF''s'!F:F,"-"),"-") -> 2960832 | I111: =_xlfn.XLOOKUP(Table1[[#This Row],[VIM]],'[1]BASE DE VIM''s-NF''s'!F:F,'[1]BASE DE VIM''s-NF''s'!A:A,"") -> Lançado | J111: =_xlfn.XLOOKUP(Table1[[#This Row],[VIM]],'[1]BASE DE VIM''s-NF''s'!F:F,'[1]BASE DE VIM''s-NF''s'!L:L,"") -> 001520512-3 | K111: =_xlfn.XLOOKUP(Table1[[#This Row],[VIM]],'[1]BASE DE VIM''s-NF''s'!F:F,'[1]BASE DE VIM''s-NF''s'!G:G,"") -> ANHANGUERA COMERCIO DE | L111: =_xlfn.XLOOKUP(Table1[[#This Row],[PEDIDO]],'[1]BASE DE VIM''s-NF''s'!I:I,'[1]BASE DE VIM''s-NF''s'!R:R,"") -> 4,598.27 | M111: FINALIZADO
A112: 46048 | C112: Material | D112: Coletores Manutenção | F112: 1078076766 | G112: 4501723632 | H112: =IF(Table1[[#This Row],[PEDIDO]]<>"",_xlfn.XLOOKUP(Table1[[#This Row],[PEDIDO]],'[1]BASE DE VIM''s-NF''s'!I:I,'[1]BASE DE VIM''s-NF''s'!F:F,"-"),"-") -> 2985628 | I112: =_xlfn.XLOOKUP(Table1[[#This Row],[VIM]],'[1]BASE DE VIM''s-NF''s'!F:F,'[1]BASE DE VIM''s-NF''s'!A:A,"") -> Lançado | J112: =_xlfn.XLOOKUP(Table1[[#This Row],[VIM]],'[1]BASE DE VIM''s-NF''s'!F:F,'[1]BASE DE VIM''s-NF''s'!L:L,"") -> 000023866-1 | K112: =_xlfn.XLOOKUP(Table1[[#This Row],[VIM]],'[1]BASE DE VIM''s-NF''s'!F:F,'[1]BASE DE VIM''s-NF''s'!G:G,"") -> ARTPLAN COMERCIAL LTDA. | L112: =_xlfn.XLOOKUP(Table1[[#This Row],[PEDIDO]],'[1]BASE DE VIM''s-NF''s'!I:I,'[1]BASE DE VIM''s-NF''s'!R:R,"") -> 708.00 | M112: FINALIZADO
A113: 46045 | C113: Material | D113: Gabarito Pintura | F113: 1078035750 | G113: 4501723504 | H113: =IF(Table1[[#This Row],[PEDIDO]]<>"",_xlfn.XLOOKUP(Table1[[#This Row],[PEDIDO]],'[1]BASE DE VIM''s-NF''s'!I:I,'[1]BASE DE VIM''s-NF''s'!F:F,"-"),"-") -> 2961248 | I113: =_xlfn.XLOOKUP(Table1[[#This Row],[VIM]],'[1]BASE DE VIM''s-NF''s'!F:F,'[1]BASE DE VIM''s-NF''s'!A:A,"") -> Lançado | J113: =_xlfn.XLOOKUP(Table1[[#This Row],[VIM]],'[1]BASE DE VIM''s-NF''s'!F:F,'[1]BASE DE VIM''s-NF''s'!L:L,"") -> 000002510-1 | K113: =_xlfn.XLOOKUP(Table1[[#This Row],[VIM]],'[1]BASE DE VIM''s-NF''s'!F:F,'[1]BASE DE VIM''s-NF''s'!G:G,"") -> VERA A. BIANCHINI AFONSO ADESIVOS - | L113: =_xlfn.XLOOKUP(Table1[[#This Row],[PEDIDO]],'[1]BASE DE VIM''s-NF''s'!I:I,'[1]BASE DE VIM''s-NF''s'!R:R,"") -> 3,600.00 | M113: FINALIZADO
A114: 46050 | C114: Material | D114: Fita Pet / Canaleta / Escada | F114: 1078102290 | G114: 4501723869 | H114: =IF(Table1[[#This Row],[PEDIDO]]<>"",_xlfn.XLOOKUP(Table1[[#This Row],[PEDIDO]],'[1]BASE DE VIM''s-NF''s'!I:I,'[1]BASE DE VIM''s-NF''s'!F:F,"-"),"-") -> 2967487 | I114: =_xlfn.XLOOKUP(Table1[[#This Row],[VIM]],'[1]BASE DE VIM''s-NF''s'!F:F,'[1]BASE DE VIM''s-NF''s'!A:A,"") -> Lançado | J114: =_xlfn.XLOOKUP(Table1[[#This Row],[VIM]],'[1]BASE DE VIM''s-NF''s'!F:F,'[1]BASE DE VIM''s-NF''s'!L:L,"") -> 000133231-1 | K114: =_xlfn.XLOOKUP(Table1[[#This Row],[VIM]],'[1]BASE DE VIM''s-NF''s'!F:F,'[1]BASE DE VIM''s-NF''s'!G:G,"") -> TIAGO DE BROI EIRELI EPP. | L114: =_xlfn.XLOOKUP(Table1[[#This Row],[PEDIDO]],'[1]BASE DE VIM''s-NF''s'!I:I,'[1]BASE DE VIM''s-NF''s'!R:R,"") -> 4,026.56 | M114: FINALIZADO
A115: 46050 | C115: Material | D115: FECHO DUPLA ESFERA / Lousa / Oleo bobinagem | F115: 1078102304 | G115: 4501723885 | H115: =IF(Table1[[#This Row],[PEDIDO]]<>"",_xlfn.XLOOKUP(Table1[[#This Row],[PEDIDO]],'[1]BASE DE VIM''s-NF''s'!I:I,'[1]BASE DE VIM''s-NF''s'!F:F,"-"),"-") -> 2964021 | I115: =_xlfn.XLOOKUP(Table1[[#This Row],[VIM]],'[1]BASE DE VIM''s-NF''s'!F:F,'[1]BASE DE VIM''s-NF''s'!A:A,"") -> Lançado | J115: =_xlfn.XLOOKUP(Table1[[#This Row],[VIM]],'[1]BASE DE VIM''s-NF''s'!F:F,'[1]BASE DE VIM''s-NF''s'!L:L,"") -> 000132677-1 | K115: =_xlfn.XLOOKUP(Table1[[#This Row],[VIM]],'[1]BASE DE VIM''s-NF''s'!F:F,'[1]BASE DE VIM''s-NF''s'!G:G,"") -> TIAGO DE BROI EIRELI EPP. | L115: =_xlfn.XLOOKUP(Table1[[#This Row],[PEDIDO]],'[1]BASE DE VIM''s-NF''s'!I:I,'[1]BASE DE VIM''s-NF''s'!R:R,"") -> 1,081.19 | M115: FINALIZADO
A116: 46051 | B116: Amanda | C116: Material | D116: tesoura tipo funileiro Irwin | F116: 1078117596 | G116: 4501724346 | H116: =IF(Table1[[#This Row],[PEDIDO]]<>"",_xlfn.XLOOKUP(Table1[[#This Row],[PEDIDO]],'[1]BASE DE VIM''s-NF''s'!I:I,'[1]BASE DE VIM''s-NF''s'!F:F,"-"),"-") -> 2963355 | I116: =_xlfn.XLOOKUP(Table1[[#This Row],[VIM]],'[1]BASE DE VIM''s-NF''s'!F:F,'[1]BASE DE VIM''s-NF''s'!A:A,"") -> Lançado | J116: =_xlfn.XLOOKUP(Table1[[#This Row],[VIM]],'[1]BASE DE VIM''s-NF''s'!F:F,'[1]BASE DE VIM''s-NF''s'!L:L,"") -> 001524608-3 | K116: =_xlfn.XLOOKUP(Table1[[#This Row],[VIM]],'[1]BASE DE VIM''s-NF''s'!F:F,'[1]BASE DE VIM''s-NF''s'!G:G,"") -> ANHANGUERA COMERCIO DE | L116: =_xlfn.XLOOKUP(Table1[[#This Row],[PEDIDO]],'[1]BASE DE VIM''s-NF''s'!I:I,'[1]BASE DE VIM''s-NF''s'!R:R,"") -> 1,021.30 | M116: FINALIZADO
A117: 46051 | B117: Erick | C117: Material | D117: Suporte de Carretel | F117: 1078118006 | G117: 4501724225 | H117: =IF(Table1[[#This Row],[PEDIDO]]<>"",_xlfn.XLOOKUP(Table1[[#This Row],[PEDIDO]],'[1]BASE DE VIM''s-NF''s'!I:I,'[1]BASE DE VIM''s-NF''s'!F:F,"-"),"-") -> 2967432 | I117: =_xlfn.XLOOKUP(Table1[[#This Row],[VIM]],'[1]BASE DE VIM''s-NF''s'!F:F,'[1]BASE DE VIM''s-NF''s'!A:A,"") -> Lançado | J117: =_xlfn.XLOOKUP(Table1[[#This Row],[VIM]],'[1]BASE DE VIM''s-NF''s'!F:F,'[1]BASE DE VIM''s-NF''s'!L:L,"") -> 000000936-1 | K117: =_xlfn.XLOOKUP(Table1[[#This Row],[VIM]],'[1]BASE DE VIM''s-NF''s'!F:F,'[1]BASE DE VIM''s-NF''s'!G:G,"") -> MB - COMERCIO E PRESTACAO DE SERVIC | L117: =_xlfn.XLOOKUP(Table1[[#This Row],[PEDIDO]],'[1]BASE DE VIM''s-NF''s'!I:I,'[1]BASE DE VIM''s-NF''s'!R:R,"") -> 1,500.00 | M117: FINALIZADO
A118: 46052 | B118: Erick | C118: Material | D118: ELETRODO TUNGSTENIO | F118: 1078118132 | G118: 4501724222 | H118: =IF(Table1[[#This Row],[PEDIDO]]<>"",_xlfn.XLOOKUP(Table1[[#This Row],[PEDIDO]],'[1]BASE DE VIM''s-NF''s'!I:I,'[1]BASE DE VIM''s-NF''s'!F:F,"-"),"-") -> 2962830 | I118: =_xlfn.XLOOKUP(Table1[[#This Row],[VIM]],'[1]BASE DE VIM''s-NF''s'!F:F,'[1]BASE DE VIM''s-NF''s'!A:A,"") -> Lançado | J118: =_xlfn.XLOOKUP(Table1[[#This Row],[VIM]],'[1]BASE DE VIM''s-NF''s'!F:F,'[1]BASE DE VIM''s-NF''s'!L:L,"") -> 000009228-1 | K118: =_xlfn.XLOOKUP(Table1[[#This Row],[VIM]],'[1]BASE DE VIM''s-NF''s'!F:F,'[1]BASE DE VIM''s-NF''s'!G:G,"") -> AIRGAS BRASIL REPRESENTACAO | L118: =_xlfn.XLOOKUP(Table1[[#This Row],[PEDIDO]],'[1]BASE DE VIM''s-NF''s'!I:I,'[1]BASE DE VIM''s-NF''s'!R:R,"") -> 485.60 | M118: FINALIZADO
A119: 46055 | B119: Erick | C119: Material | D119: CA131268-D Dispositivo fix cap. Pos. 14 | F119: 1078153574 | G119: 4501724347 | H119: =IF(Table1[[#This Row],[PEDIDO]]<>"",_xlfn.XLOOKUP(Table1[[#This Row],[PEDIDO]],'[1]BASE DE VIM''s-NF''s'!I:I,'[1]BASE DE VIM''s-NF''s'!F:F,"-"),"-") -> 2993108 | I119: =_xlfn.XLOOKUP(Table1[[#This Row],[VIM]],'[1]BASE DE VIM''s-NF''s'!F:F,'[1]BASE DE VIM''s-NF''s'!A:A,"") -> Verificar Alíquota de Impostos (PAF_MIGO) | J119: =_xlfn.XLOOKUP(Table1[[#This Row],[VIM]],'[1]BASE DE VIM''s-NF''s'!F:F,'[1]BASE DE VIM''s-NF''s'!L:L,"") -> 000003436-1 | K119: =_xlfn.XLOOKUP(Table1[[#This Row],[VIM]],'[1]BASE DE VIM''s-NF''s'!F:F,'[1]BASE DE VIM''s-NF''s'!G:G,"") -> ZAP USINAGEM E CALDEIRARIA | L119: =_xlfn.XLOOKUP(Table1[[#This Row],[PEDIDO]],'[1]BASE DE VIM''s-NF''s'!I:I,'[1]BASE DE VIM''s-NF''s'!R:R,"") -> 2,932.98 | M119: AGUARDANDO ENTREGA
A120: 46055 | B120: Erick | C120: Material | D120: CENTRALIZADOR PONTA DE FIXAÇÃO | F120: 1078153575 | G120: 4501724517 | H120: =IF(Table1[[#This Row],[PEDIDO]]<>"",_xlfn.XLOOKUP(Table1[[#This Row],[PEDIDO]],'[1]BASE DE VIM''s-NF''s'!I:I,'[1]BASE DE VIM''s-NF''s'!F:F,"-"),"-") -> 2968237 | I120: =_xlfn.XLOOKUP(Table1[[#This Row],[VIM]],'[1]BASE DE VIM''s-NF''s'!F:F,'[1]BASE DE VIM''s-NF''s'!A:A,"") -> Lançado | J120: =_xlfn.XLOOKUP(Table1[[#This Row],[VIM]],'[1]BASE DE VIM''s-NF''s'!F:F,'[1]BASE DE VIM''s-NF''s'!L:L,"") -> 000007317-1 | K120: =_xlfn.XLOOKUP(Table1[[#This Row],[VIM]],'[1]BASE DE VIM''s-NF''s'!F:F,'[1]BASE DE VIM''s-NF''s'!G:G,"") -> ROVAMEC USINAGEM LTDA. EPP. | L120: =_xlfn.XLOOKUP(Table1[[#This Row],[PEDIDO]],'[1]BASE DE VIM''s-NF''s'!I:I,'[1]BASE DE VIM''s-NF''s'!R:R,"") -> 2,700.00 | M120: FINALIZADO
A121: 46056 | B121: Erick | C121: Material | D121: Vassoura bit de soquetes chave fixa e caixa e ferramentas do armario industrial | F121: 1078172701 | G121: 4501724525 | H121: =IF(Table1[[#This Row],[PEDIDO]]<>"",_xlfn.XLOOKUP(Table1[[#This Row],[PEDIDO]],'[1]BASE DE VIM''s-NF''s'!I:I,'[1]BASE DE VIM''s-NF''s'!F:F,"-"),"-") -> 2971161 | I121: =_xlfn.XLOOKUP(Table1[[#This Row],[VIM]],'[1]BASE DE VIM''s-NF''s'!F:F,'[1]BASE DE VIM''s-NF''s'!A:A,"") -> Lançado | J121: =_xlfn.XLOOKUP(Table1[[#This Row],[VIM]],'[1]BASE DE VIM''s-NF''s'!F:F,'[1]BASE DE VIM''s-NF''s'!L:L,"") -> 001538669-3 | K121: =_xlfn.XLOOKUP(Table1[[#This Row],[VIM]],'[1]BASE DE VIM''s-NF''s'!F:F,'[1]BASE DE VIM''s-NF''s'!G:G,"") -> ANHANGUERA COMERCIO DE | L121: =_xlfn.XLOOKUP(Table1[[#This Row],[PEDIDO]],'[1]BASE DE VIM''s-NF''s'!I:I,'[1]BASE DE VIM''s-NF''s'!R:R,"") -> 92.81 | M121: FINALIZADO
A122: 46056 | B122: Erick | C122: Material | D122: BICO MIG F1,2MM M6 L45 D8 TET | F122: 1078172894 | G122: 4501724581 | H122: =IF(Table1[[#This Row],[PEDIDO]]<>"",_xlfn.XLOOKUP(Table1[[#This Row],[PEDIDO]],'[1]BASE DE VIM''s-NF''s'!I:I,'[1]BASE DE VIM''s-NF''s'!F:F,"-"),"-") -> 2969406 | I122: =_xlfn.XLOOKUP(Table1[[#This Row],[VIM]],'[1]BASE DE VIM''s-NF''s'!F:F,'[1]BASE DE VIM''s-NF''s'!A:A,"") -> Lançado | J122: =_xlfn.XLOOKUP(Table1[[#This Row],[VIM]],'[1]BASE DE VIM''s-NF''s'!F:F,'[1]BASE DE VIM''s-NF''s'!L:L,"") -> 000080023-1 | K122: =_xlfn.XLOOKUP(Table1[[#This Row],[VIM]],'[1]BASE DE VIM''s-NF''s'!F:F,'[1]BASE DE VIM''s-NF''s'!G:G,"") -> ENERGYARC INDUSTRIAL LTDA. | L122: =_xlfn.XLOOKUP(Table1[[#This Row],[PEDIDO]],'[1]BASE DE VIM''s-NF''s'!I:I,'[1]BASE DE VIM''s-NF''s'!R:R,"") -> 706.00 | M122: FINALIZADO
A123: 46057 | B123: Rafael | C123: Material | D123: Molde vazado Papel | F123: 1078172925 | G123: 4501724641 | H123: =IF(Table1[[#This Row],[PEDIDO]]<>"",_xlfn.XLOOKUP(Table1[[#This Row],[PEDIDO]],'[1]BASE DE VIM''s-NF''s'!I:I,'[1]BASE DE VIM''s-NF''s'!F:F,"-"),"-") -> 2964720 | I123: =_xlfn.XLOOKUP(Table1[[#This Row],[VIM]],'[1]BASE DE VIM''s-NF''s'!F:F,'[1]BASE DE VIM''s-NF''s'!A:A,"") -> Lançado | J123: =_xlfn.XLOOKUP(Table1[[#This Row],[VIM]],'[1]BASE DE VIM''s-NF''s'!F:F,'[1]BASE DE VIM''s-NF''s'!L:L,"") -> 000002514-1 | K123: =_xlfn.XLOOKUP(Table1[[#This Row],[VIM]],'[1]BASE DE VIM''s-NF''s'!F:F,'[1]BASE DE VIM''s-NF''s'!G:G,"") -> VERA A. BIANCHINI AFONSO ADESIVOS - | L123: =_xlfn.XLOOKUP(Table1[[#This Row],[PEDIDO]],'[1]BASE DE VIM''s-NF''s'!I:I,'[1]BASE DE VIM''s-NF''s'!R:R,"") -> 1,080.00 | M123: FINALIZADO
A124: 46057 | B124: Erick | C124: Material | D124: Rolamentos BL210ZZ NSK | F124: 1078188054 | G124: 4501724647 | H124: =IF(Table1[[#This Row],[PEDIDO]]<>"",_xlfn.XLOOKUP(Table1[[#This Row],[PEDIDO]],'[1]BASE DE VIM''s-NF''s'!I:I,'[1]BASE DE VIM''s-NF''s'!F:F,"-"),"-") -> 2964341 | I124: =_xlfn.XLOOKUP(Table1[[#This Row],[VIM]],'[1]BASE DE VIM''s-NF''s'!F:F,'[1]BASE DE VIM''s-NF''s'!A:A,"") -> Lançado | J124: =_xlfn.XLOOKUP(Table1[[#This Row],[VIM]],'[1]BASE DE VIM''s-NF''s'!F:F,'[1]BASE DE VIM''s-NF''s'!L:L,"") -> 000193584-2 | K124: =_xlfn.XLOOKUP(Table1[[#This Row],[VIM]],'[1]BASE DE VIM''s-NF''s'!F:F,'[1]BASE DE VIM''s-NF''s'!G:G,"") -> JUND-ROL COMERCIO E IMPORTACAO DE | L124: =_xlfn.XLOOKUP(Table1[[#This Row],[PEDIDO]],'[1]BASE DE VIM''s-NF''s'!I:I,'[1]BASE DE VIM''s-NF''s'!R:R,"") -> 5,843.97 | M124: FINALIZADO
A125: 46058 | B125: Erick | C125: Material | D125: CA123277 - Suporte para facas Bobinadeira | F125: 1078202382 | G125: 4501724784 | H125: =IF(Table1[[#This Row],[PEDIDO]]<>"",_xlfn.XLOOKUP(Table1[[#This Row],[PEDIDO]],'[1]BASE DE VIM''s-NF''s'!I:I,'[1]BASE DE VIM''s-NF''s'!F:F,"-"),"-") -> 2967760 | I125: =_xlfn.XLOOKUP(Table1[[#This Row],[VIM]],'[1]BASE DE VIM''s-NF''s'!F:F,'[1]BASE DE VIM''s-NF''s'!A:A,"") -> Lançado | J125: =_xlfn.XLOOKUP(Table1[[#This Row],[VIM]],'[1]BASE DE VIM''s-NF''s'!F:F,'[1]BASE DE VIM''s-NF''s'!L:L,"") -> 000007034-1 | K125: =_xlfn.XLOOKUP(Table1[[#This Row],[VIM]],'[1]BASE DE VIM''s-NF''s'!F:F,'[1]BASE DE VIM''s-NF''s'!G:G,"") -> MOTA - USINAGEM E | L125: =_xlfn.XLOOKUP(Table1[[#This Row],[PEDIDO]],'[1]BASE DE VIM''s-NF''s'!I:I,'[1]BASE DE VIM''s-NF''s'!R:R,"") -> 2,734.24 | M125: FINALIZADO
A126: 45697 | C126: Material | D126: JOGO DE SACA-PARAFUSOS CABO BATERIA DANEVA ADESIVO BLACKOUT BRANCO | F126: 1078228155 | G126: 4501725165 | H126: =IF(Table1[[#This Row],[PEDIDO]]<>"",_xlfn.XLOOKUP(Table1[[#This Row],[PEDIDO]],'[1]BASE DE VIM''s-NF''s'!I:I,'[1]BASE DE VIM''s-NF''s'!F:F,"-"),"-") -> 2972371 | I126: =_xlfn.XLOOKUP(Table1[[#This Row],[VIM]],'[1]BASE DE VIM''s-NF''s'!F:F,'[1]BASE DE VIM''s-NF''s'!A:A,"") -> Lançado | J126: =_xlfn.XLOOKUP(Table1[[#This Row],[VIM]],'[1]BASE DE VIM''s-NF''s'!F:F,'[1]BASE DE VIM''s-NF''s'!L:L,"") -> 000134134-1 | K126: =_xlfn.XLOOKUP(Table1[[#This Row],[VIM]],'[1]BASE DE VIM''s-NF''s'!F:F,'[1]BASE DE VIM''s-NF''s'!G:G,"") -> TIAGO DE BROI EIRELI EPP. | L126: =_xlfn.XLOOKUP(Table1[[#This Row],[PEDIDO]],'[1]BASE DE VIM''s-NF''s'!I:I,'[1]BASE DE VIM''s-NF''s'!R:R,"") -> 850.09 | M126: FINALIZADO
A127: 45697 | B127: Rafael | C127: Material | D127: Adequação suporte microondas | F127: 1078228156 | G127: 4501725170 | H127: =IF(Table1[[#This Row],[PEDIDO]]<>"",_xlfn.XLOOKUP(Table1[[#This Row],[PEDIDO]],'[1]BASE DE VIM''s-NF''s'!I:I,'[1]BASE DE VIM''s-NF''s'!F:F,"-"),"-") -> 2971619 | I127: =_xlfn.XLOOKUP(Table1[[#This Row],[VIM]],'[1]BASE DE VIM''s-NF''s'!F:F,'[1]BASE DE VIM''s-NF''s'!A:A,"") -> Lançado | J127: =_xlfn.XLOOKUP(Table1[[#This Row],[VIM]],'[1]BASE DE VIM''s-NF''s'!F:F,'[1]BASE DE VIM''s-NF''s'!L:L,"") -> 000000706-9 | K127: =_xlfn.XLOOKUP(Table1[[#This Row],[VIM]],'[1]BASE DE VIM''s-NF''s'!F:F,'[1]BASE DE VIM''s-NF''s'!G:G,"") -> ESTRUTURAS E EQUIPAMENTOS | L127: =_xlfn.XLOOKUP(Table1[[#This Row],[PEDIDO]],'[1]BASE DE VIM''s-NF''s'!I:I,'[1]BASE DE VIM''s-NF''s'!R:R,"") -> 700.00 | M127: FINALIZADO
A128: 45697 | B128: Erick | C128: Material | D128: Bate rodas e PROTEÇÃO | F128: 1078228157 | G128: 4501725172 | H128: =IF(Table1[[#This Row],[PEDIDO]]<>"",_xlfn.XLOOKUP(Table1[[#This Row],[PEDIDO]],'[1]BASE DE VIM''s-NF''s'!I:I,'[1]BASE DE VIM''s-NF''s'!F:F,"-"),"-") -> 2971641 | I128: =_xlfn.XLOOKUP(Table1[[#This Row],[VIM]],'[1]BASE DE VIM''s-NF''s'!F:F,'[1]BASE DE VIM''s-NF''s'!A:A,"") -> Lançado | J128: =_xlfn.XLOOKUP(Table1[[#This Row],[VIM]],'[1]BASE DE VIM''s-NF''s'!F:F,'[1]BASE DE VIM''s-NF''s'!L:L,"") -> 000000707-9 | K128: =_xlfn.XLOOKUP(Table1[[#This Row],[VIM]],'[1]BASE DE VIM''s-NF''s'!F:F,'[1]BASE DE VIM''s-NF''s'!G:G,"") -> ESTRUTURAS E EQUIPAMENTOS | L128: =_xlfn.XLOOKUP(Table1[[#This Row],[PEDIDO]],'[1]BASE DE VIM''s-NF''s'!I:I,'[1]BASE DE VIM''s-NF''s'!R:R,"") -> 2,625.00 | M128: FINALIZADO
A129: 45697 | B129: Erick | C129: Material | D129: Furadeira Parafusadeira 3/8 Kit para Fixação Organizador Plástico | F129: 1078228903 | G129: 4501725168 | H129: =IF(Table1[[#This Row],[PEDIDO]]<>"",_xlfn.XLOOKUP(Table1[[#This Row],[PEDIDO]],'[1]BASE DE VIM''s-NF''s'!I:I,'[1]BASE DE VIM''s-NF''s'!F:F,"-"),"-") -> 2966327 | I129: =_xlfn.XLOOKUP(Table1[[#This Row],[VIM]],'[1]BASE DE VIM''s-NF''s'!F:F,'[1]BASE DE VIM''s-NF''s'!A:A,"") -> Lançado | J129: =_xlfn.XLOOKUP(Table1[[#This Row],[VIM]],'[1]BASE DE VIM''s-NF''s'!F:F,'[1]BASE DE VIM''s-NF''s'!L:L,"") -> 001529672-3 | K129: =_xlfn.XLOOKUP(Table1[[#This Row],[VIM]],'[1]BASE DE VIM''s-NF''s'!F:F,'[1]BASE DE VIM''s-NF''s'!G:G,"") -> ANHANGUERA COMERCIO DE | L129: =_xlfn.XLOOKUP(Table1[[#This Row],[PEDIDO]],'[1]BASE DE VIM''s-NF''s'!I:I,'[1]BASE DE VIM''s-NF''s'!R:R,"") -> 2,013.87 | M129: FINALIZADO
A130: 45697 | C130: Material | D130: Mangueiras | F130: 1078268110 | G130: 4501725466 | H130: =IF(Table1[[#This Row],[PEDIDO]]<>"",_xlfn.XLOOKUP(Table1[[#This Row],[PEDIDO]],'[1]BASE DE VIM''s-NF''s'!I:I,'[1]BASE DE VIM''s-NF''s'!F:F,"-"),"-") -> 2970123 | I130: =_xlfn.XLOOKUP(Table1[[#This Row],[VIM]],'[1]BASE DE VIM''s-NF''s'!F:F,'[1]BASE DE VIM''s-NF''s'!A:A,"") -> Lançado | J130: =_xlfn.XLOOKUP(Table1[[#This Row],[VIM]],'[1]BASE DE VIM''s-NF''s'!F:F,'[1]BASE DE VIM''s-NF''s'!L:L,"") -> 000055810-1 | K130: =_xlfn.XLOOKUP(Table1[[#This Row],[VIM]],'[1]BASE DE VIM''s-NF''s'!F:F,'[1]BASE DE VIM''s-NF''s'!G:G,"") -> OXIGENIO JUNDIAI COML. DE GASES | L130: =_xlfn.XLOOKUP(Table1[[#This Row],[PEDIDO]],'[1]BASE DE VIM''s-NF''s'!I:I,'[1]BASE DE VIM''s-NF''s'!R:R,"") -> 2,545.00 | M130: FINALIZADO
A131: 45697 | C131: Material | D131: Suporte parede cabo capacimetro e jacare LEE | F131: 1078268363 | G131: 4501725833 | H131: =IF(Table1[[#This Row],[PEDIDO]]<>"",_xlfn.XLOOKUP(Table1[[#This Row],[PEDIDO]],'[1]BASE DE VIM''s-NF''s'!I:I,'[1]BASE DE VIM''s-NF''s'!F:F,"-"),"-") -> 2970987 | I131: =_xlfn.XLOOKUP(Table1[[#This Row],[VIM]],'[1]BASE DE VIM''s-NF''s'!F:F,'[1]BASE DE VIM''s-NF''s'!A:A,"") -> Lançado | J131: =_xlfn.XLOOKUP(Table1[[#This Row],[VIM]],'[1]BASE DE VIM''s-NF''s'!F:F,'[1]BASE DE VIM''s-NF''s'!L:L,"") -> 000133837-1 | K131: =_xlfn.XLOOKUP(Table1[[#This Row],[VIM]],'[1]BASE DE VIM''s-NF''s'!F:F,'[1]BASE DE VIM''s-NF''s'!G:G,"") -> TIAGO DE BROI EIRELI EPP. | L131: =_xlfn.XLOOKUP(Table1[[#This Row],[PEDIDO]],'[1]BASE DE VIM''s-NF''s'!I:I,'[1]BASE DE VIM''s-NF''s'!R:R,"") -> 1,869.42 | M131: FINALIZADO
A132: 46066 | C132: Material | D132: PROTEÇÃO BUCHA JATO | F132: 1078282579 | G132: 4501725873 | H132: =IF(Table1[[#This Row],[PEDIDO]]<>"",_xlfn.XLOOKUP(Table1[[#This Row],[PEDIDO]],'[1]BASE DE VIM''s-NF''s'!I:I,'[1]BASE DE VIM''s-NF''s'!F:F,"-"),"-") -> 2979100 | J132: =_xlfn.XLOOKUP(Table1[[#This Row],[VIM]],'[1]BASE DE VIM''s-NF''s'!F:F,'[1]BASE DE VIM''s-NF''s'!L:L,"") -> 000007348-1 | K132: =_xlfn.XLOOKUP(Table1[[#This Row],[VIM]],'[1]BASE DE VIM''s-NF''s'!F:F,'[1]BASE DE VIM''s-NF''s'!G:G,"") -> ROVAMEC USINAGEM LTDA. EPP. | L132: =_xlfn.XLOOKUP(Table1[[#This Row],[PEDIDO]],'[1]BASE DE VIM''s-NF''s'!I:I,'[1]BASE DE VIM''s-NF''s'!R:R,"") -> 5,445.00 | M132: FINALIZADO
A133: 46066 | B133: Erick | C133: Material | D133: Jogos de macho | F133: 1078296827 | G133: 4501726126 | H133: =IF(Table1[[#This Row],[PEDIDO]]<>"",_xlfn.XLOOKUP(Table1[[#This Row],[PEDIDO]],'[1]BASE DE VIM''s-NF''s'!I:I,'[1]BASE DE VIM''s-NF''s'!F:F,"-"),"-") -> 2967736 | I133: =_xlfn.XLOOKUP(Table1[[#This Row],[VIM]],'[1]BASE DE VIM''s-NF''s'!F:F,'[1]BASE DE VIM''s-NF''s'!A:A,"") -> Lançado | J133: =_xlfn.XLOOKUP(Table1[[#This Row],[VIM]],'[1]BASE DE VIM''s-NF''s'!F:F,'[1]BASE DE VIM''s-NF''s'!L:L,"") -> 001532550-3 | K133: =_xlfn.XLOOKUP(Table1[[#This Row],[VIM]],'[1]BASE DE VIM''s-NF''s'!F:F,'[1]BASE DE VIM''s-NF''s'!G:G,"") -> ANHANGUERA COMERCIO DE | L133: =_xlfn.XLOOKUP(Table1[[#This Row],[PEDIDO]],'[1]BASE DE VIM''s-NF''s'!I:I,'[1]BASE DE VIM''s-NF''s'!R:R,"") -> 1,581.40 | M133: FINALIZADO
A134: 46066 | B134: Amanda | C134: OI 2352918 | D134: OI - Contador de Partículas | E134: Rodrigo Zerneri | F134: 1078296994 | G134: 4501726231 | H134: =IF(Table1[[#This Row],[PEDIDO]]<>"",_xlfn.XLOOKUP(Table1[[#This Row],[PEDIDO]],'[1]BASE DE VIM''s-NF''s'!I:I,'[1]BASE DE VIM''s-NF''s'!F:F,"-"),"-") -> 2985041 | J134: =_xlfn.XLOOKUP(Table1[[#This Row],[VIM]],'[1]BASE DE VIM''s-NF''s'!F:F,'[1]BASE DE VIM''s-NF''s'!L:L,"") -> 000059776-1 | K134: =_xlfn.XLOOKUP(Table1[[#This Row],[VIM]],'[1]BASE DE VIM''s-NF''s'!F:F,'[1]BASE DE VIM''s-NF''s'!G:G,"") -> INSTRUCAMP INSTRUMENTOS DE | L134: =_xlfn.XLOOKUP(Table1[[#This Row],[PEDIDO]],'[1]BASE DE VIM''s-NF''s'!I:I,'[1]BASE DE VIM''s-NF''s'!R:R,"") -> 50,000.00 | M134: FINALIZADO
A135: 46066 | B135: Erick | C135: OI | D135: OI -CARRO DE TRANSPORTE P/CAIXAS DO PAPEL | E135: Rodrigo Zerneri | F135: 1078297007 | G135: 4501726204 | H135: =IF(Table1[[#This Row],[PEDIDO]]<>"",_xlfn.XLOOKUP(Table1[[#This Row],[PEDIDO]],'[1]BASE DE VIM''s-NF''s'!I:I,'[1]BASE DE VIM''s-NF''s'!F:F,"-"),"-") -> 2979482 | I135: =_xlfn.XLOOKUP(Table1[[#This Row],[VIM]],'[1]BASE DE VIM''s-NF''s'!F:F,'[1]BASE DE VIM''s-NF''s'!A:A,"") -> Lançado | J135: =_xlfn.XLOOKUP(Table1[[#This Row],[VIM]],'[1]BASE DE VIM''s-NF''s'!F:F,'[1]BASE DE VIM''s-NF''s'!L:L,"") -> 000010368-1 | K135: =_xlfn.XLOOKUP(Table1[[#This Row],[VIM]],'[1]BASE DE VIM''s-NF''s'!F:F,'[1]BASE DE VIM''s-NF''s'!G:G,"") -> USINAGEM E FERRAMENTARIA LUZ & LUZ | L135: =_xlfn.XLOOKUP(Table1[[#This Row],[PEDIDO]],'[1]BASE DE VIM''s-NF''s'!I:I,'[1]BASE DE VIM''s-NF''s'!R:R,"") -> 32,000.04 | M135: FINALIZADO
A136: 46066 | B136: Erick | C136: OI | D136: Sensor de vacuo | E136: Rodrigo Zerneri | F136: 1078297011 | G136: 4501726208 | H136: =IF(Table1[[#This Row],[PEDIDO]]<>"",_xlfn.XLOOKUP(Table1[[#This Row],[PEDIDO]],'[1]BASE DE VIM''s-NF''s'!I:I,'[1]BASE DE VIM''s-NF''s'!F:F,"-"),"-") -> 2992781 | I136: =_xlfn.XLOOKUP(Table1[[#This Row],[VIM]],'[1]BASE DE VIM''s-NF''s'!F:F,'[1]BASE DE VIM''s-NF''s'!A:A,"") -> Lançado | J136: =_xlfn.XLOOKUP(Table1[[#This Row],[VIM]],'[1]BASE DE VIM''s-NF''s'!F:F,'[1]BASE DE VIM''s-NF''s'!L:L,"") -> 000048218-2 | K136: =_xlfn.XLOOKUP(Table1[[#This Row],[VIM]],'[1]BASE DE VIM''s-NF''s'!F:F,'[1]BASE DE VIM''s-NF''s'!G:G,"") -> EDWARDS VACUO LTDA. | L136: =_xlfn.XLOOKUP(Table1[[#This Row],[PEDIDO]],'[1]BASE DE VIM''s-NF''s'!I:I,'[1]BASE DE VIM''s-NF''s'!R:R,"") -> 15,162.78 | M136: FINALIZADO
A137: 46066 | B137: Erick | C137: OI | D137: Arqueadeira | E137: Rodrigo Zerneri | F137: 1078297012 | G137: 4501726220 | H137: =IF(Table1[[#This Row],[PEDIDO]]<>"",_xlfn.XLOOKUP(Table1[[#This Row],[PEDIDO]],'[1]BASE DE VIM''s-NF''s'!I:I,'[1]BASE DE VIM''s-NF''s'!F:F,"-"),"-") -> 2968159 | I137: =_xlfn.XLOOKUP(Table1[[#This Row],[VIM]],'[1]BASE DE VIM''s-NF''s'!F:F,'[1]BASE DE VIM''s-NF''s'!A:A,"") -> Lançado | J137: =_xlfn.XLOOKUP(Table1[[#This Row],[VIM]],'[1]BASE DE VIM''s-NF''s'!F:F,'[1]BASE DE VIM''s-NF''s'!L:L,"") -> 000079927-5 | K137: =_xlfn.XLOOKUP(Table1[[#This Row],[VIM]],'[1]BASE DE VIM''s-NF''s'!F:F,'[1]BASE DE VIM''s-NF''s'!G:G,"") -> FROMM SISTEMAS DE EMBALAGENS LTDA. | L137: =_xlfn.XLOOKUP(Table1[[#This Row],[PEDIDO]],'[1]BASE DE VIM''s-NF''s'!I:I,'[1]BASE DE VIM''s-NF''s'!R:R,"") -> 52,517.50 | M137: FINALIZADO
A138: 46066 | B138: Erick | C138: OI | D138: CAPACÍMETRO U1732C | E138: Rodrigo Zerneri | F138: 1078297032 | G138: 4501726223 | H138: =IF(Table1[[#This Row],[PEDIDO]]<>"",_xlfn.XLOOKUP(Table1[[#This Row],[PEDIDO]],'[1]BASE DE VIM''s-NF''s'!I:I,'[1]BASE DE VIM''s-NF''s'!F:F,"-"),"-") -> 2984617 | J138: =_xlfn.XLOOKUP(Table1[[#This Row],[VIM]],'[1]BASE DE VIM''s-NF''s'!F:F,'[1]BASE DE VIM''s-NF''s'!L:L,"") -> 000022381-1 | K138: =_xlfn.XLOOKUP(Table1[[#This Row],[VIM]],'[1]BASE DE VIM''s-NF''s'!F:F,'[1]BASE DE VIM''s-NF''s'!G:G,"") -> PLENA COMERCIAL ELETRICA LTDA. | L138: =_xlfn.XLOOKUP(Table1[[#This Row],[PEDIDO]],'[1]BASE DE VIM''s-NF''s'!I:I,'[1]BASE DE VIM''s-NF''s'!R:R,"") -> 12,931.50 | M138: FINALIZADO
A139: 46066 | C139: OI | D139: Megômetro Digital MD1035X | E139: Rodrigo Zerneri | F139: 1078297033 | G139: 4501726226 | H139: =IF(Table1[[#This Row],[PEDIDO]]<>"",_xlfn.XLOOKUP(Table1[[#This Row],[PEDIDO]],'[1]BASE DE VIM''s-NF''s'!I:I,'[1]BASE DE VIM''s-NF''s'!F:F,"-"),"-") -> 2973013 | I139: =_xlfn.XLOOKUP(Table1[[#This Row],[VIM]],'[1]BASE DE VIM''s-NF''s'!F:F,'[1]BASE DE VIM''s-NF''s'!A:A,"") -> Lançado | J139: =_xlfn.XLOOKUP(Table1[[#This Row],[VIM]],'[1]BASE DE VIM''s-NF''s'!F:F,'[1]BASE DE VIM''s-NF''s'!L:L,"") -> 000029609-3 | K139: =_xlfn.XLOOKUP(Table1[[#This Row],[VIM]],'[1]BASE DE VIM''s-NF''s'!F:F,'[1]BASE DE VIM''s-NF''s'!G:G,"") -> MEGABRAS INDUSTRIA ELETRONICA LTDA. | L139: =_xlfn.XLOOKUP(Table1[[#This Row],[PEDIDO]],'[1]BASE DE VIM''s-NF''s'!I:I,'[1]BASE DE VIM''s-NF''s'!R:R,"") -> 20,587.84 | M139: FINALIZADO
A140: 46073 | B140: Erick | C140: Material | D140: Disjuntor Caixa Moldada Tripolar Termomagnético | E140: Rodrigo Zerneri | F140: 1078318023 | G140: 4501729365 | J140: =_xlfn.XLOOKUP(Table1[[#This Row],[VIM]],'[1]BASE DE VIM''s-NF''s'!F:F,'[1]BASE DE VIM''s-NF''s'!L:L,"") -> 0 | K140: EDWARDS VACUO LTDA. | L140: 5,300.00 | M140: AGUARDANDO ENTREGA
A141: 46073 | B141: Rafael | C141: Material | D141: acrílico cristal transparente | E141: Rodrigo Zerneri | F141: 1078318034 | G141: 4501727587 | H141: =IF(Table1[[#This Row],[PEDIDO]]<>"",_xlfn.XLOOKUP(Table1[[#This Row],[PEDIDO]],'[1]BASE DE VIM''s-NF''s'!I:I,'[1]BASE DE VIM''s-NF''s'!F:F,"-"),"-") -> 2975087 | I141: =_xlfn.XLOOKUP(Table1[[#This Row],[VIM]],'[1]BASE DE VIM''s-NF''s'!F:F,'[1]BASE DE VIM''s-NF''s'!A:A,"") -> Lançado | J141: =_xlfn.XLOOKUP(Table1[[#This Row],[VIM]],'[1]BASE DE VIM''s-NF''s'!F:F,'[1]BASE DE VIM''s-NF''s'!L:L,"") -> 000002517-1 | K141: =_xlfn.XLOOKUP(Table1[[#This Row],[VIM]],'[1]BASE DE VIM''s-NF''s'!F:F,'[1]BASE DE VIM''s-NF''s'!G:G,"") -> VERA A. BIANCHINI AFONSO ADESIVOS - | L141: =_xlfn.XLOOKUP(Table1[[#This Row],[PEDIDO]],'[1]BASE DE VIM''s-NF''s'!I:I,'[1]BASE DE VIM''s-NF''s'!R:R,"") -> 495.00 | M141: FINALIZADO
A142: 46073 | B142: Rafael | C142: Material | D142: FLUXOMETRO BIBIMETRO PARA GAS P/ TOCHA MIG/TIG - ALICATE DESENCAPADOR | E142: Rodrigo Zerneri | F142: 1078347238 | G142: 4501727542 | H142: =IF(Table1[[#This Row],[PEDIDO]]<>"",_xlfn.XLOOKUP(Table1[[#This Row],[PEDIDO]],'[1]BASE DE VIM''s-NF''s'!I:I,'[1]BASE DE VIM''s-NF''s'!F:F,"-"),"-") -> 2972362 | I142: =_xlfn.XLOOKUP(Table1[[#This Row],[VIM]],'[1]BASE DE VIM''s-NF''s'!F:F,'[1]BASE DE VIM''s-NF''s'!A:A,"") -> Lançado | J142: =_xlfn.XLOOKUP(Table1[[#This Row],[VIM]],'[1]BASE DE VIM''s-NF''s'!F:F,'[1]BASE DE VIM''s-NF''s'!L:L,"") -> 000134117-1 | K142: =_xlfn.XLOOKUP(Table1[[#This Row],[VIM]],'[1]BASE DE VIM''s-NF''s'!F:F,'[1]BASE DE VIM''s-NF''s'!G:G,"") -> TIAGO DE BROI EIRELI EPP. | L142: =_xlfn.XLOOKUP(Table1[[#This Row],[PEDIDO]],'[1]BASE DE VIM''s-NF''s'!I:I,'[1]BASE DE VIM''s-NF''s'!R:R,"") -> 588.40 | M142: FINALIZADO
A143: 46080 | B143: Amanda | C143: Material | D143: Sargento e vassoura | E143: Rodrigo Zerneri | F143: 1078382113 | G143: 4501728415 | H143: =IF(Table1[[#This Row],[PEDIDO]]<>"",_xlfn.XLOOKUP(Table1[[#This Row],[PEDIDO]],'[1]BASE DE VIM''s-NF''s'!I:I,'[1]BASE DE VIM''s-NF''s'!F:F,"-"),"-") -> 2972583 | I143: =_xlfn.XLOOKUP(Table1[[#This Row],[VIM]],'[1]BASE DE VIM''s-NF''s'!F:F,'[1]BASE DE VIM''s-NF''s'!A:A,"") -> Lançado | J143: =_xlfn.XLOOKUP(Table1[[#This Row],[VIM]],'[1]BASE DE VIM''s-NF''s'!F:F,'[1]BASE DE VIM''s-NF''s'!L:L,"") -> 001541937-3 | K143: =_xlfn.XLOOKUP(Table1[[#This Row],[VIM]],'[1]BASE DE VIM''s-NF''s'!F:F,'[1]BASE DE VIM''s-NF''s'!G:G,"") -> ANHANGUERA COMERCIO DE | L143: =_xlfn.XLOOKUP(Table1[[#This Row],[PEDIDO]],'[1]BASE DE VIM''s-NF''s'!I:I,'[1]BASE DE VIM''s-NF''s'!R:R,"") -> 628.40 | M143: FINALIZADO
A144: 46080 | B144: Amanda | C144: Material | D144: MOLYKOTE PASTA D 1KG | E144: Rodrigo Zerneri | F144: 1078382114 | G144: 4501728418 | H144: =IF(Table1[[#This Row],[PEDIDO]]<>"",_xlfn.XLOOKUP(Table1[[#This Row],[PEDIDO]],'[1]BASE DE VIM''s-NF''s'!I:I,'[1]BASE DE VIM''s-NF''s'!F:F,"-"),"-") -> 2973195 | I144: =_xlfn.XLOOKUP(Table1[[#This Row],[VIM]],'[1]BASE DE VIM''s-NF''s'!F:F,'[1]BASE DE VIM''s-NF''s'!A:A,"") -> Lançado | J144: =_xlfn.XLOOKUP(Table1[[#This Row],[VIM]],'[1]BASE DE VIM''s-NF''s'!F:F,'[1]BASE DE VIM''s-NF''s'!L:L,"") -> 000134374-1 | K144: =_xlfn.XLOOKUP(Table1[[#This Row],[VIM]],'[1]BASE DE VIM''s-NF''s'!F:F,'[1]BASE DE VIM''s-NF''s'!G:G,"") -> TIAGO DE BROI EIRELI EPP. | L144: =_xlfn.XLOOKUP(Table1[[#This Row],[PEDIDO]],'[1]BASE DE VIM''s-NF''s'!I:I,'[1]BASE DE VIM''s-NF''s'!R:R,"") -> 1,869.66 | M144: FINALIZADO
A145: 46083 | B145: Rafael | C145: Material | D145: CAIXAS TECNOTRI | E145: Rodrigo Zerneri | F145: 1078395817 | G145: 4501734378 | J145: =_xlfn.XLOOKUP(Table1[[#This Row],[VIM]],'[1]BASE DE VIM''s-NF''s'!F:F,'[1]BASE DE VIM''s-NF''s'!L:L,"") -> 0 | K145: TECNOTRI | L145: 2,117.00 | M145: AGUARDANDO ENTREGA
...
